day,agent,age,money,energy,happiness,food_need,health_need,education_need,work_need
2,Agent 0,32,50,99,1.0,0.5,0.2,0.3,0.4
2,Agent 1,40,50,99,1.0,0.5,0.2,0.3,0.4
2,Agent 2,53,50,99,1.0,0.5,0.2,0.3,0.4
2,Agent 3,35,50,99,1.0,0.5,0.2,0.3,0.4
2,Agent 4,55,50,99,1.0,0.5,0.2,0.3,0.4
3,Agent 0,32,50,98,1.0,0.5,0.2,0.3,0.4
3,Agent 1,40,50,98,1.0,0.5,0.2,0.3,0.4
3,Agent 2,53,50,98,1.0,0.5,0.2,0.3,0.4
3,Agent 3,35,50,98,1.0,0.5,0.2,0.3,0.4
3,Agent 4,55,50,98,1.0,0.5,0.2,0.3,0.4
4,Agent 0,32,50,97,1.0,0.5,0.2,0.3,0.4
4,Agent 1,40,50,97,1.0,0.5,0.2,0.3,0.4
4,Agent 2,53,50,97,1.0,0.5,0.2,0.3,0.4
4,Agent 3,35,50,97,1.0,0.5,0.2,0.3,0.4
4,Agent 4,55,50,97,1.0,0.5,0.2,0.3,0.4
5,Agent 0,32,50,96,1.0,0.5,0.2,0.3,0.4
5,Agent 1,40,46,100,1.0,0.0,0.2,0.3,0.4
5,Agent 2,53,50,96,1.0,0.5,0.2,0.3,0.4
5,Agent 3,35,50,96,1.0,0.5,0.2,0.3,0.4
5,Agent 4,55,50,96,1.0,0.5,0.2,0.3,0.4
6,Agent 0,32,46,100,1.0,0.0,0.2,0.3,0.4
6,Agent 1,40,46,100,1.0,0.0,0.2,0.3,0.4
6,Agent 2,53,50,95,1.0,0.5,0.2,0.3,0.4
6,Agent 3,35,46,100,1.0,0.0,0.2,0.3,0.4
6,Agent 4,55,50,95,1.0,0.5,0.2,0.3,0.4
7,Agent 0,32,46,100,1.0,0.0,0.2,0.3,0.4
7,Agent 1,40,46,100,1.0,0.0,0.2,0.3,0.4
7,Agent 2,53,50,90,0.95,0.5,0.2,0.3,0.4
7,Agent 3,35,46,100,1.0,0.0,0.2,0.3,0.4
7,Agent 4,55,50,90,0.95,0.5,0.2,0.3,0.4
8,Agent 0,32,46,100,1.0,0.0,0.2,0.3,0.4
8,Agent 1,40,46,100,1.0,0.0,0.2,0.3,0.4
8,Agent 2,53,46,100,1.0,0.0,0.4,0.6,0.8
8,Agent 3,35,46,100,1.0,0.0,0.2,0.3,0.4
8,Agent 4,55,50,85,0.9,1.0,0.4,0.6,0.8
9,Agent 0,32,46,100,1.0,0.0,0.2,0.3,0.4
9,Agent 1,40,46,99,1.0,0.0,0.2,0.3,0.4
9,Agent 2,53,46,100,1.0,0.0,0.4,0.6,0.8
9,Agent 3,35,46,100,1.0,0.0,0.2,0.3,0.4
9,Agent 4,55,46,95,1.0,0.0,0.6,0.9,1.2
10,Agent 0,32,46,99,1.0,0.0,0.2,0.3,0.4
10,Agent 1,40,46,98,1.0,0.0,0.2,0.3,0.4
10,Agent 2,53,46,100,1.0,0.0,0.4,0.6,0.8
10,Agent 3,35,46,99,1.0,0.0,0.2,0.3,0.4
10,Agent 4,55,46,95,1.0,0.0,0.6,0.9,1.2
11,Agent 0,32,46,98,1.0,0.0,0.2,0.3,0.4
11,Agent 1,40,46,97,1.0,0.0,0.2,0.3,0.4
11,Agent 2,53,46,100,1.0,0.0,0.4,0.6,0.8
11,Agent 3,35,46,98,1.0,0.0,0.2,0.3,0.4
11,Agent 4,55,46,95,1.0,0.0,0.6,0.9,1.2
12,Agent 0,32,46,97,1.0,0.0,0.2,0.3,0.4
12,Agent 1,40,46,96,1.0,0.0,0.2,0.3,0.4
12,Agent 2,53,46,99,1.0,0.0,0.4,0.6,0.8
12,Agent 3,35,46,97,1.0,0.0,0.2,0.3,0.4
12,Agent 4,55,46,95,1.0,0.0,0.6,0.9,1.2
13,Agent 0,32,46,96,1.0,0.0,0.2,0.3,0.4
13,Agent 1,40,46,95,1.0,0.0,0.2,0.3,0.4
13,Agent 2,53,46,98,1.0,0.0,0.4,0.6,0.8
13,Agent 3,35,46,96,1.0,0.0,0.2,0.3,0.4
13,Agent 4,55,46,94,1.0,0.0,0.6,0.9,1.2
14,Agent 0,32,46,95,1.0,0.0,0.2,0.3,0.4
14,Agent 1,40,46,94,1.0,0.0,0.2,0.3,0.4
14,Agent 2,53,46,98,1.0,0.0,0.4,0.6,0.8
14,Agent 3,35,46,96,1.0,0.0,0.2,0.3,0.4
14,Agent 4,55,46,93,1.0,0.0,0.6,0.9,1.2
15,Agent 0,32,46,94,1.0,0.0,0.2,0.3,0.4
15,Agent 1,40,46,94,1.0,0.0,0.2,0.3,0.4
15,Agent 2,53,46,97,1.0,0.5,0.6,0.9,1.2
15,Agent 3,35,46,95,1.0,0.5,0.4,0.6,0.8
15,Agent 4,55,46,92,1.0,0.0,0.6,0.9,1.2
16,Agent 0,32,46,93,1.0,0.0,0.2,0.3,0.4
16,Agent 1,40,46,93,1.0,0.5,0.4,0.6,0.8
16,Agent 2,53,46,96,1.0,0.5,0.6,0.9,1.2
16,Agent 3,35,46,94,1.0,0.5,0.4,0.6,0.8
16,Agent 4,55,46,92,1.0,0.0,0.6,0.9,1.2
17,Agent 0,32,46,92,1.0,0.0,0.2,0.3,0.4
17,Agent 1,40,46,92,1.0,0.5,0.4,0.6,0.8
17,Agent 2,53,46,95,1.0,0.5,0.6,0.9,1.2
17,Agent 3,35,56,89,1.0,0.5,0.4,0.6,0.0
17,Agent 4,55,46,91,1.0,0.5,0.8,1.2,1.6
18,Agent 0,32,46,92,1.0,0.0,0.2,0.3,0.4
18,Agent 1,40,46,91,1.0,0.5,0.4,0.6,0.8
18,Agent 2,53,46,94,1.0,0.5,0.6,0.9,1.2
18,Agent 3,35,56,89,1.0,0.5,0.4,0.6,0.0
18,Agent 4,55,46,90,1.0,0.5,0.8,1.2,1.6
19,Agent 0,32,46,91,1.0,0.5,0.4,0.6,0.8
19,Agent 1,40,46,90,1.0,0.5,0.4,0.6,0.8
19,Agent 2,53,46,93,1.0,0.5,0.6,0.9,1.2
19,Agent 3,35,56,89,1.0,0.5,0.4,0.6,0.0
19,Agent 4,55,46,89,1.0,0.5,0.8,1.2,1.6
20,Agent 0,32,46,90,1.0,0.5,0.4,0.6,0.8
20,Agent 1,40,46,89,1.0,0.5,0.4,0.6,0.8
20,Agent 2,53,46,92,1.0,0.5,0.6,0.9,1.2
20,Agent 3,35,56,89,1.0,0.5,0.4,0.6,0.0
20,Agent 4,55,56,84,1.0,0.5,0.8,1.2,0.0
21,Agent 0,32,46,89,1.0,0.5,0.4,0.6,0.8
21,Agent 1,40,46,88,1.0,0.5,0.4,0.6,0.8
21,Agent 2,53,56,87,1.0,0.5,0.6,0.9,0.0
21,Agent 3,35,56,88,1.0,0.5,0.4,0.6,0.0
21,Agent 4,55,56,84,1.0,0.5,0.8,1.2,0.0
22,Agent 0,32,46,88,1.0,0.5,0.4,0.6,0.8
22,Agent 1,40,46,87,1.0,0.5,0.4,0.6,0.8
22,Agent 2,53,56,87,1.0,0.5,0.6,0.9,0.0
22,Agent 3,35,56,87,1.0,0.5,0.4,0.6,0.0
22,Agent 4,55,56,84,1.0,0.5,0.8,1.2,0.0
23,Agent 0,32,46,87,1.0,0.5,0.4,0.6,0.8
23,Agent 1,40,46,86,1.0,0.5,0.4,0.6,0.8
23,Agent 2,53,56,87,1.0,0.5,0.6,0.9,0.0
23,Agent 3,35,56,87,1.0,0.5,0.4,0.6,0.0
23,Agent 4,55,56,84,1.0,0.5,0.8,1.2,0.0
24,Agent 0,32,46,86,1.0,0.5,0.4,0.6,0.8
24,Agent 1,40,46,85,1.0,0.5,0.4,0.6,0.8
24,Agent 2,53,56,87,1.0,0.5,0.6,0.9,0.0
24,Agent 3,35,56,86,1.0,1.0,0.6,0.9,0.4
24,Agent 4,55,56,83,1.0,0.5,0.8,1.2,0.0
25,Agent 0,32,46,85,1.0,0.5,0.4,0.6,0.8
25,Agent 1,40,46,84,1.0,0.5,0.4,0.6,0.8
25,Agent 2,53,56,86,1.0,0.5,0.6,0.9,0.0
25,Agent 3,35,56,85,1.0,1.0,0.6,0.9,0.4
25,Agent 4,55,56,82,1.0,0.5,0.8,1.2,0.0
26,Agent 0,32,46,84,1.0,0.5,0.4,0.6,0.8
26,Agent 1,40,46,83,1.0,0.5,0.4,0.6,0.8
26,Agent 2,53,56,85,1.0,0.5,0.6,0.9,0.0
26,Agent 3,35,56,84,1.0,1.0,0.6,0.9,0.4
26,Agent 4,55,56,81,1.0,0.5,0.8,1.2,0.0
27,Agent 0,32,46,83,1.0,0.5,0.4,0.6,0.8
27,Agent 1,40,46,82,1.0,0.5,0.4,0.6,0.8
27,Agent 2,53,56,84,1.0,0.5,0.6,0.9,0.0
27,Agent 3,35,56,83,1.0,1.0,0.6,0.9,0.4
27,Agent 4,55,56,80,1.0,0.5,0.8,1.2,0.0
28,Agent 0,32,46,82,1.0,0.5,0.4,0.6,0.8
28,Agent 1,40,56,77,1.0,0.5,0.4,0.6,0.0
28,Agent 2,53,56,83,1.0,0.5,0.6,0.9,0.0
28,Agent 3,35,52,93,1.0,0.0,0.6,0.9,0.4
28,Agent 4,55,56,79,1.0,0.5,0.8,1.2,0.0
29,Agent 0,32,56,77,1.0,0.5,0.4,0.6,0.0
29,Agent 1,40,56,77,1.0,0.5,0.4,0.6,0.0
29,Agent 2,53,56,82,1.0,0.5,0.6,0.9,0.0
29,Agent 3,35,52,93,1.0,0.0,0.6,0.9,0.4
29,Agent 4,55,56,78,1.0,0.5,0.8,1.2,0.0
30,Agent 0,32,56,77,1.0,0.5,0.4,0.6,0.0
30,Agent 1,40,56,77,1.0,0.5,0.4,0.6,0.0
30,Agent 2,53,56,81,1.0,0.5,0.6,0.9,0.0
30,Agent 3,35,52,93,1.0,0.0,0.6,0.9,0.4
30,Agent 4,55,56,77,1.0,0.5,0.8,1.2,0.0
31,Agent 0,32,56,77,1.0,0.5,0.4,0.6,0.0
31,Agent 1,40,56,77,1.0,0.5,0.4,0.6,0.0
31,Agent 2,53,56,80,1.0,0.5,0.6,0.9,0.0
31,Agent 3,35,52,93,1.0,0.0,0.6,0.9,0.4
31,Agent 4,55,56,76,1.0,0.5,0.8,1.2,0.0
32,Agent 0,32,56,77,1.0,0.5,0.4,0.6,0.0
32,Agent 1,40,56,76,1.0,0.5,0.4,0.6,0.0
32,Agent 2,53,56,79,1.0,0.5,0.6,0.9,0.0
32,Agent 3,35,52,92,1.0,0.0,0.6,0.9,0.4
32,Agent 4,55,56,75,1.0,0.5,0.8,1.2,0.0
33,Agent 0,32,56,76,1.0,0.5,0.4,0.6,0.0
33,Agent 1,40,56,75,1.0,0.5,0.4,0.6,0.0
33,Agent 2,53,56,78,1.0,0.5,0.6,0.9,0.0
33,Agent 3,35,52,91,1.0,0.0,0.6,0.9,0.4
33,Agent 4,55,56,74,1.0,0.5,0.8,1.2,0.0
34,Agent 0,32,56,75,1.0,0.5,0.4,0.6,0.0
34,Agent 1,40,56,74,1.0,0.5,0.4,0.6,0.0
34,Agent 2,53,56,77,1.0,0.5,0.6,0.9,0.0
34,Agent 3,35,52,90,1.0,0.0,0.6,0.9,0.4
34,Agent 4,55,56,73,1.0,0.5,0.8,1.2,0.0
35,Agent 0,32,56,74,1.0,0.5,0.4,0.6,0.0
35,Agent 1,40,56,73,1.0,0.5,0.4,0.6,0.0
35,Agent 2,53,56,76,1.0,0.5,0.6,0.9,0.0
35,Agent 3,35,52,90,1.0,0.0,0.6,0.9,0.4
35,Agent 4,55,56,73,1.0,0.5,0.8,1.2,0.0
36,Agent 0,32,56,73,1.0,0.5,0.4,0.6,0.0
36,Agent 1,40,56,72,1.0,0.5,0.4,0.6,0.0
36,Agent 2,53,56,75,1.0,0.5,0.6,0.9,0.0
36,Agent 3,35,52,89,1.0,0.5,0.8,1.2,0.8
36,Agent 4,55,56,72,1.0,1.0,1.0,1.5,0.4
37,Agent 0,32,56,72,1.0,0.5,0.4,0.6,0.0
37,Agent 1,40,56,71,1.0,0.5,0.4,0.6,0.0
37,Agent 2,53,56,75,1.0,0.5,0.6,0.9,0.0
37,Agent 3,35,52,88,1.0,0.5,0.8,1.2,0.8
37,Agent 4,55,56,71,1.0,1.0,1.0,1.5,0.4
38,Agent 0,32,56,71,1.0,0.5,0.4,0.6,0.0
38,Agent 1,40,56,70,1.0,0.5,0.4,0.6,0.0
38,Agent 2,53,56,74,1.0,1.0,0.8,1.2,0.4
38,Agent 3,35,52,87,1.0,0.5,0.8,1.2,0.8
38,Agent 4,55,56,70,1.0,1.0,1.0,1.5,0.4
39,Agent 0,32,56,70,1.0,0.5,0.4,0.6,0.0
39,Agent 1,40,56,69,1.0,0.5,0.4,0.6,0.0
39,Agent 2,53,56,73,1.0,1.0,0.8,1.2,0.4
39,Agent 3,35,52,86,1.0,0.5,0.8,1.2,0.8
39,Agent 4,55,53,71,1.0,1.0,1.0,0.0,0.4
40,Agent 0,32,56,69,1.0,0.5,0.4,0.6,0.0
40,Agent 1,40,56,68,1.0,0.5,0.4,0.6,0.0
40,Agent 2,53,56,72,1.0,1.0,0.8,1.2,0.4
40,Agent 3,35,52,85,1.0,0.5,0.8,1.2,0.8
40,Agent 4,55,53,71,1.0,1.0,1.0,0.0,0.4
41,Agent 0,32,56,68,1.0,0.5,0.4,0.6,0.0
41,Agent 1,40,56,67,1.0,0.5,0.4,0.6,0.0
41,Agent 2,53,56,71,1.0,1.0,0.8,1.2,0.4
41,Agent 3,35,52,84,1.0,0.5,0.8,1.2,0.8
41,Agent 4,55,53,71,1.0,1.0,1.0,0.0,0.4
42,Agent 0,32,56,67,1.0,0.5,0.4,0.6,0.0
42,Agent 1,40,56,66,1.0,0.5,0.4,0.6,0.0
42,Agent 2,53,56,70,1.0,1.0,0.8,1.2,0.4
42,Agent 3,35,52,83,1.0,0.5,0.8,1.2,0.8
42,Agent 4,55,53,71,1.0,1.0,1.0,0.0,0.4
43,Agent 0,32,56,66,1.0,0.5,0.4,0.6,0.0
43,Agent 1,40,56,66,1.0,0.5,0.4,0.6,0.0
43,Agent 2,53,56,69,1.0,1.0,0.8,1.2,0.4
43,Agent 3,35,52,82,1.0,0.5,0.8,1.2,0.8
43,Agent 4,55,53,70,1.0,1.0,1.0,0.0,0.4
44,Agent 0,32,56,66,1.0,0.5,0.4,0.6,0.0
44,Agent 1,40,56,65,1.0,1.0,0.6,0.9,0.4
44,Agent 2,53,53,70,1.0,1.0,0.8,0.0,0.4
44,Agent 3,35,52,81,1.0,0.5,0.8,1.2,0.8
44,Agent 4,55,53,69,1.0,1.0,1.0,0.0,0.4
45,Agent 0,32,56,65,1.0,1.0,0.6,0.9,0.4
45,Agent 1,40,56,64,1.0,1.0,0.6,0.9,0.4
45,Agent 2,53,53,70,1.0,1.0,0.8,0.0,0.4
45,Agent 3,35,49,82,1.0,0.5,0.8,0.0,0.8
45,Agent 4,55,53,68,1.0,1.0,1.0,0.0,0.4
46,Agent 0,32,56,64,1.0,1.0,0.6,0.9,0.4
46,Agent 1,40,56,63,1.0,1.0,0.6,0.9,0.4
46,Agent 2,53,53,70,1.0,1.0,0.8,0.0,0.4
46,Agent 3,35,49,82,1.0,0.5,0.8,0.0,0.8
46,Agent 4,55,53,67,1.0,1.0,1.0,0.0,0.4
47,Agent 0,32,56,63,1.0,1.0,0.6,0.9,0.4
47,Agent 1,40,56,62,1.0,1.0,0.6,0.9,0.4
47,Agent 2,53,53,70,1.0,1.0,0.8,0.0,0.4
47,Agent 3,35,49,82,1.0,0.5,0.8,0.0,0.8
47,Agent 4,55,53,66,1.0,1.0,1.0,0.0,0.4
48,Agent 0,32,56,62,1.0,1.0,0.6,0.9,0.4
48,Agent 1,40,56,61,1.0,1.0,0.6,0.9,0.4
48,Agent 2,53,53,69,1.0,1.0,0.8,0.0,0.4
48,Agent 3,35,49,82,1.0,0.5,0.8,0.0,0.8
48,Agent 4,55,53,65,1.0,1.0,1.0,0.0,0.4
49,Agent 0,32,56,61,1.0,1.0,0.6,0.9,0.4
49,Agent 1,40,52,71,1.0,0.0,0.6,0.9,0.4
49,Agent 2,53,53,68,1.0,1.0,0.8,0.0,0.4
49,Agent 3,35,49,81,1.0,0.5,0.8,0.0,0.8
49,Agent 4,55,53,64,1.0,1.0,1.0,0.0,0.4
50,Agent 0,32,52,71,1.0,0.0,0.6,0.9,0.4
50,Agent 1,40,52,71,1.0,0.0,0.6,0.9,0.4
50,Agent 2,53,53,67,1.0,1.0,0.8,0.0,0.4
50,Agent 3,35,49,80,1.0,0.5,0.8,0.0,0.8
50,Agent 4,55,53,63,1.0,1.0,1.0,0.0,0.4
51,Agent 0,32,52,71,1.0,0.0,0.6,0.9,0.4
51,Agent 1,40,52,71,1.0,0.0,0.6,0.9,0.4
51,Agent 2,53,53,66,1.0,1.0,0.8,0.0,0.4
51,Agent 3,35,49,79,1.0,0.5,0.8,0.0,0.8
51,Agent 4,55,53,63,1.0,1.0,1.0,0.0,0.4
52,Agent 0,32,52,71,1.0,0.0,0.6,0.9,0.4
52,Agent 1,40,52,71,1.0,0.0,0.6,0.9,0.4
52,Agent 2,53,53,65,1.0,1.0,0.8,0.0,0.4
52,Agent 3,35,49,78,1.0,0.5,0.8,0.0,0.8
52,Agent 4,55,53,62,1.0,1.5,1.2,0.3,0.8
53,Agent 0,32,52,71,1.0,0.0,0.6,0.9,0.4
53,Agent 1,40,52,70,1.0,0.0,0.6,0.9,0.4
53,Agent 2,53,53,64,1.0,1.0,0.8,0.0,0.4
53,Agent 3,35,49,77,1.0,0.5,0.8,0.0,0.8
53,Agent 4,55,53,61,1.0,1.5,1.2,0.3,0.8
54,Agent 0,32,52,70,1.0,0.0,0.6,0.9,0.4
54,Agent 1,40,52,69,1.0,0.0,0.6,0.9,0.4
54,Agent 2,53,53,63,1.0,1.0,0.8,0.0,0.4
54,Agent 3,35,49,76,1.0,0.5,0.8,0.0,0.8
54,Agent 4,55,53,60,1.0,1.5,1.2,0.3,0.8
55,Agent 0,32,52,69,1.0,0.0,0.6,0.9,0.4
55,Agent 1,40,52,69,1.0,0.0,0.6,0.9,0.4
55,Agent 2,53,53,62,1.0,1.0,0.8,0.0,0.4
55,Agent 3,35,49,76,1.0,0.5,0.8,0.0,0.8
55,Agent 4,55,53,59,1.0,1.5,1.2,0.3,0.8
56,Agent 0,32,52,68,1.0,0.0,0.6,0.9,0.4
56,Agent 1,40,52,68,1.0,0.5,0.8,1.2,0.8
56,Agent 2,53,53,62,1.0,1.0,0.8,0.0,0.4
56,Agent 3,35,49,75,1.0,1.0,1.0,0.3,1.2
56,Agent 4,55,53,58,1.0,1.5,1.2,0.3,0.8
57,Agent 0,32,52,67,1.0,0.0,0.6,0.9,0.4
57,Agent 1,40,52,67,1.0,0.5,0.8,1.2,0.8
57,Agent 2,53,53,61,1.0,1.5,1.0,0.3,0.8
57,Agent 3,35,49,74,1.0,1.0,1.0,0.3,1.2
57,Agent 4,55,53,57,1.0,1.5,1.2,0.3,0.8
58,Agent 0,32,52,66,1.0,0.0,0.6,0.9,0.4
58,Agent 1,40,52,66,1.0,0.5,0.8,1.2,0.8
58,Agent 2,53,53,60,1.0,1.5,1.0,0.3,0.8
58,Agent 3,35,49,73,1.0,1.0,1.0,0.3,1.2
58,Agent 4,55,53,56,1.0,1.5,1.2,0.3,0.8
59,Agent 0,32,52,65,1.0,0.0,0.6,0.9,0.4
59,Agent 1,40,52,65,1.0,0.5,0.8,1.2,0.8
59,Agent 2,53,53,59,1.0,1.5,1.0,0.3,0.8
59,Agent 3,35,49,72,1.0,1.0,1.0,0.3,1.2
59,Agent 4,55,53,55,1.0,1.5,1.2,0.3,0.8
60,Agent 0,32,52,64,1.0,0.0,0.6,0.9,0.4
60,Agent 1,40,52,64,1.0,0.5,0.8,1.2,0.8
60,Agent 2,53,53,58,1.0,1.5,1.0,0.3,0.8
60,Agent 3,35,49,71,1.0,1.0,1.0,0.3,1.2
60,Agent 4,55,53,54,1.0,1.5,1.2,0.3,0.8
61,Agent 0,32,52,63,1.0,0.0,0.6,0.9,0.4
61,Agent 1,40,52,63,1.0,0.5,0.8,1.2,0.8
61,Agent 2,53,53,57,1.0,1.5,1.0,0.3,0.8
61,Agent 3,35,49,70,1.0,1.0,1.0,0.3,1.2
61,Agent 4,55,53,53,1.0,1.5,1.2,0.3,0.8
62,Agent 0,32,52,63,1.0,0.0,0.6,0.9,0.4
62,Agent 1,40,49,64,1.0,0.5,0.8,0.0,0.8
62,Agent 2,53,53,56,1.0,1.5,1.0,0.3,0.8
62,Agent 3,35,49,69,1.0,1.0,1.0,0.3,1.2
62,Agent 4,55,49,63,1.0,0.0,1.2,0.3,0.8
63,Agent 0,32,52,62,1.0,0.5,0.8,1.2,0.8
63,Agent 1,40,49,64,1.0,0.5,0.8,0.0,0.8
63,Agent 2,53,49,66,1.0,0.0,1.0,0.3,0.8
63,Agent 3,35,49,68,1.0,1.0,1.0,0.3,1.2
63,Agent 4,55,49,63,1.0,0.0,1.2,0.3,0.8
64,Agent 0,32,52,61,1.0,0.5,0.8,1.2,0.8
64,Agent 1,40,49,64,1.0,0.5,0.8,0.0,0.8
64,Agent 2,53,49,66,1.0,0.0,1.0,0.3,0.8
64,Agent 3,35,49,67,1.0,1.0,1.0,0.3,1.2
64,Agent 4,55,49,63,1.0,0.0,1.2,0.3,0.8
65,Agent 0,32,49,62,1.0,0.5,0.8,0.0,0.8
65,Agent 1,40,49,64,1.0,0.5,0.8,0.0,0.8
65,Agent 2,53,49,66,1.0,0.0,1.0,0.3,0.8
65,Agent 3,35,49,66,1.0,1.0,1.0,0.3,1.2
65,Agent 4,55,49,63,1.0,0.0,1.2,0.3,0.8
66,Agent 0,32,49,62,1.0,0.5,0.8,0.0,0.8
66,Agent 1,40,49,63,1.0,0.5,0.8,0.0,0.8
66,Agent 2,53,49,66,1.0,0.0,1.0,0.3,0.8
66,Agent 3,35,49,61,1.0,1.0,1.0,0.3,0.0
66,Agent 4,55,49,62,1.0,0.0,1.2,0.3,0.8
67,Agent 0,32,49,62,1.0,0.5,0.8,0.0,0.8
67,Agent 1,40,49,62,1.0,0.5,0.8,0.0,0.8
67,Agent 2,53,49,65,1.0,0.0,1.0,0.3,0.8
67,Agent 3,35,49,61,1.0,1.0,1.0,0.3,0.0
67,Agent 4,55,49,61,1.0,0.0,1.2,0.3,0.8
68,Agent 0,32,49,62,1.0,0.5,0.8,0.0,0.8
68,Agent 1,40,49,61,1.0,0.5,0.8,0.0,0.8
68,Agent 2,53,49,64,1.0,0.0,1.0,0.3,0.8
68,Agent 3,35,49,61,1.0,1.0,1.0,0.3,0.0
68,Agent 4,55,49,60,1.0,0.0,1.2,0.3,0.8
69,Agent 0,32,49,61,1.0,0.5,0.8,0.0,0.8
69,Agent 1,40,49,60,1.0,0.5,0.8,0.0,0.8
69,Agent 2,53,49,63,1.0,0.0,1.0,0.3,0.8
69,Agent 3,35,49,61,1.0,1.0,1.0,0.3,0.0
69,Agent 4,55,49,59,1.0,0.0,1.2,0.3,0.8
70,Agent 0,32,49,60,1.0,0.5,0.8,0.0,0.8
70,Agent 1,40,49,59,1.0,0.5,0.8,0.0,0.8
70,Agent 2,53,49,62,1.0,0.0,1.0,0.3,0.8
70,Agent 3,35,49,60,1.0,1.0,1.0,0.3,0.0
70,Agent 4,55,49,59,1.0,0.0,1.2,0.3,0.8
71,Agent 0,32,49,60,1.0,0.5,0.8,0.0,0.8
71,Agent 1,40,49,58,1.0,0.5,0.8,0.0,0.8
71,Agent 2,53,49,61,1.0,0.0,1.0,0.3,0.8
71,Agent 3,35,49,59,1.0,1.0,1.0,0.3,0.0
71,Agent 4,55,49,58,1.0,0.5,1.4,0.6,1.2
72,Agent 0,32,49,59,1.0,1.0,1.0,0.3,1.2
72,Agent 1,40,49,57,1.0,0.5,0.8,0.0,0.8
72,Agent 2,53,49,60,1.0,0.0,1.0,0.3,0.8
72,Agent 3,35,49,58,1.0,1.0,1.0,0.3,0.0
72,Agent 4,55,49,57,1.0,0.5,1.4,0.6,1.2
73,Agent 0,32,49,58,1.0,1.0,1.0,0.3,1.2
73,Agent 1,40,49,56,1.0,0.5,0.8,0.0,0.8
73,Agent 2,53,49,59,1.0,0.0,1.0,0.3,0.8
73,Agent 3,35,49,57,1.0,1.0,1.0,0.3,0.0
73,Agent 4,55,49,56,1.0,0.5,1.4,0.6,1.2
74,Agent 0,32,49,57,1.0,1.0,1.0,0.3,1.2
74,Agent 1,40,49,56,1.0,0.5,0.8,0.0,0.8
74,Agent 2,53,49,58,1.0,0.0,1.0,0.3,0.8
74,Agent 3,35,49,56,1.0,1.0,1.0,0.3,0.0
74,Agent 4,55,49,55,1.0,0.5,1.4,0.6,1.2
75,Agent 0,32,49,56,1.0,1.0,1.0,0.3,1.2
75,Agent 1,40,49,55,1.0,1.0,1.0,0.3,1.2
75,Agent 2,53,49,58,1.0,0.0,1.0,0.3,0.8
75,Agent 3,35,49,55,1.0,1.0,1.0,0.3,0.0
75,Agent 4,55,44,57,1.0,0.5,0.0,0.6,1.2
76,Agent 0,32,49,55,1.0,1.0,1.0,0.3,1.2
76,Agent 1,40,49,54,1.0,1.0,1.0,0.3,1.2
76,Agent 2,53,49,57,1.0,0.5,1.2,0.6,1.2
76,Agent 3,35,49,54,1.0,1.0,1.0,0.3,0.0
76,Agent 4,55,44,57,1.0,0.5,0.0,0.6,1.2
77,Agent 0,32,49,54,1.0,1.0,1.0,0.3,1.2
77,Agent 1,40,49,53,1.0,1.0,1.0,0.3,1.2
77,Agent 2,53,49,56,1.0,0.5,1.2,0.6,1.2
77,Agent 3,35,49,53,1.0,1.0,1.0,0.3,0.0
77,Agent 4,55,44,57,1.0,0.5,0.0,0.6,1.2
78,Agent 0,32,49,53,1.0,1.0,1.0,0.3,1.2
78,Agent 1,40,49,52,1.0,1.0,1.0,0.3,1.2
78,Agent 2,53,49,55,1.0,0.5,1.2,0.6,1.2
78,Agent 3,35,49,53,1.0,1.0,1.0,0.3,0.0
78,Agent 4,55,44,57,1.0,0.5,0.0,0.6,1.2
79,Agent 0,32,49,52,1.0,1.0,1.0,0.3,1.2
79,Agent 1,40,49,47,1.0,1.0,1.0,0.3,0.0
79,Agent 2,53,49,54,1.0,0.5,1.2,0.6,1.2
79,Agent 3,35,49,52,1.0,1.5,1.2,0.6,0.4
79,Agent 4,55,44,56,1.0,0.5,0.0,0.6,1.2
80,Agent 0,32,49,51,1.0,1.0,1.0,0.3,1.2
80,Agent 1,40,49,47,1.0,1.0,1.0,0.3,0.0
80,Agent 2,53,49,53,1.0,0.5,1.2,0.6,1.2
80,Agent 3,35,49,51,1.0,1.5,1.2,0.6,0.4
80,Agent 4,55,44,55,1.0,0.5,0.0,0.6,1.2
81,Agent 0,32,49,50,1.0,1.0,1.0,0.3,1.2
81,Agent 1,40,49,47,1.0,1.0,1.0,0.3,0.0
81,Agent 2,53,49,52,1.0,0.5,1.2,0.6,1.2
81,Agent 3,35,49,50,1.0,1.5,1.2,0.6,0.4
81,Agent 4,55,44,54,1.0,0.5,0.0,0.6,1.2
82,Agent 0,32,49,45,1.0,1.0,1.0,0.3,0.0
82,Agent 1,40,49,47,1.0,1.0,1.0,0.3,0.0
82,Agent 2,53,49,51,1.0,0.5,1.2,0.6,1.2
82,Agent 3,35,49,49,1.0,1.5,1.2,0.6,0.4
82,Agent 4,55,44,53,1.0,0.5,0.0,0.6,1.2
83,Agent 0,32,49,45,1.0,1.0,1.0,0.3,0.0
83,Agent 1,40,49,46,1.0,1.0,1.0,0.3,0.0
83,Agent 2,53,49,50,1.0,0.5,1.2,0.6,1.2
83,Agent 3,35,49,48,1.0,1.5,1.2,0.6,0.4
83,Agent 4,55,44,52,1.0,0.5,0.0,0.6,1.2
84,Agent 0,32,49,45,1.0,1.0,1.0,0.3,0.0
84,Agent 1,40,49,45,1.0,1.0,1.0,0.3,0.0
84,Agent 2,53,49,49,1.0,0.5,1.2,0.6,1.2
84,Agent 3,35,49,47,1.0,1.5,1.2,0.6,0.4
84,Agent 4,55,44,51,1.0,0.5,0.0,0.6,1.2
85,Agent 0,32,49,45,1.0,1.0,1.0,0.3,0.0
85,Agent 1,40,49,44,1.0,1.0,1.0,0.3,0.0
85,Agent 2,53,49,48,1.0,0.5,1.2,0.6,1.2
85,Agent 3,35,45,57,1.0,0.0,1.2,0.6,0.4
85,Agent 4,55,44,50,1.0,0.5,0.0,0.6,1.2
86,Agent 0,32,49,45,1.0,1.0,1.0,0.3,0.0
86,Agent 1,40,49,43,1.0,1.0,1.0,0.3,0.0
86,Agent 2,53,49,47,1.0,0.5,1.2,0.6,1.2
86,Agent 3,35,45,57,1.0,0.0,1.2,0.6,0.4
86,Agent 4,55,44,49,1.0,0.5,0.0,0.6,1.2
87,Agent 0,32,49,44,1.0,1.5,1.2,0.6,0.4
87,Agent 1,40,49,42,1.0,1.0,1.0,0.3,0.0
87,Agent 2,53,49,46,1.0,0.5,1.2,0.6,1.2
87,Agent 3,35,45,57,1.0,0.0,1.2,0.6,0.4
87,Agent 4,55,44,48,1.0,0.5,0.0,0.6,1.2
88,Agent 0,32,49,43,1.0,1.5,1.2,0.6,0.4
88,Agent 1,40,49,41,1.0,1.0,1.0,0.3,0.0
88,Agent 2,53,49,45,1.0,0.5,1.2,0.6,1.2
88,Agent 3,35,45,57,1.0,0.0,1.2,0.6,0.4
88,Agent 4,55,44,47,1.0,0.5,0.0,0.6,1.2
89,Agent 0,32,49,42,1.0,1.5,1.2,0.6,0.4
89,Agent 1,40,49,40,1.0,1.0,1.0,0.3,0.0
89,Agent 2,53,49,44,1.0,0.5,1.2,0.6,1.2
89,Agent 3,35,45,56,1.0,0.0,1.2,0.6,0.4
89,Agent 4,55,44,46,1.0,0.5,0.0,0.6,1.2
90,Agent 0,32,49,41,1.0,1.5,1.2,0.6,0.4
90,Agent 1,40,49,40,1.0,1.0,1.0,0.3,0.0
90,Agent 2,53,49,39,1.0,0.5,1.2,0.6,0.0
90,Agent 3,35,45,55,1.0,0.0,1.2,0.6,0.4
90,Agent 4,55,44,46,1.0,0.5,0.0,0.6,1.2
91,Agent 0,32,49,40,1.0,1.5,1.2,0.6,0.4
91,Agent 1,40,49,39,1.0,1.5,1.2,0.6,0.4
91,Agent 2,53,49,39,1.0,0.5,1.2,0.6,0.0
91,Agent 3,35,45,54,1.0,0.0,1.2,0.6,0.4
91,Agent 4,55,44,45,1.0,1.0,0.2,0.9,1.6
92,Agent 0,32,49,39,1.0,1.5,1.2,0.6,0.4
92,Agent 1,40,49,38,1.0,1.5,1.2,0.6,0.4
92,Agent 2,53,49,39,1.0,0.5,1.2,0.6,0.0
92,Agent 3,35,45,53,1.0,0.0,1.2,0.6,0.4
92,Agent 4,55,44,40,1.0,1.0,0.2,0.9,0.0
93,Agent 0,32,45,49,1.0,0.0,1.2,0.6,0.4
93,Agent 1,40,49,37,1.0,1.5,1.2,0.6,0.4
93,Agent 2,53,49,39,1.0,0.5,1.2,0.6,0.0
93,Agent 3,35,45,52,1.0,0.0,1.2,0.6,0.4
93,Agent 4,55,44,40,1.0,1.0,0.2,0.9,0.0
94,Agent 0,32,45,49,1.0,0.0,1.2,0.6,0.4
94,Agent 1,40,49,36,1.0,1.5,1.2,0.6,0.4
94,Agent 2,53,49,38,1.0,0.5,1.2,0.6,0.0
94,Agent 3,35,45,51,1.0,0.0,1.2,0.6,0.4
94,Agent 4,55,44,40,1.0,1.0,0.2,0.9,0.0
95,Agent 0,32,45,49,1.0,0.0,1.2,0.6,0.4
95,Agent 1,40,49,35,1.0,1.5,1.2,0.6,0.4
95,Agent 2,53,49,37,1.0,0.5,1.2,0.6,0.0
95,Agent 3,35,45,51,1.0,0.0,1.2,0.6,0.4
95,Agent 4,55,44,40,1.0,1.0,0.2,0.9,0.0
96,Agent 0,32,45,49,1.0,0.0,1.2,0.6,0.4
96,Agent 1,40,45,45,1.0,0.0,1.2,0.6,0.4
96,Agent 2,53,49,36,1.0,0.5,1.2,0.6,0.0
96,Agent 3,35,45,50,1.0,0.5,1.4,0.9,0.8
96,Agent 4,55,44,39,1.0,1.0,0.2,0.9,0.0
97,Agent 0,32,45,48,1.0,0.0,1.2,0.6,0.4
97,Agent 1,40,45,45,1.0,0.0,1.2,0.6,0.4
97,Agent 2,53,49,35,1.0,0.5,1.2,0.6,0.0
97,Agent 3,35,45,49,1.0,0.5,1.4,0.9,0.8
97,Agent 4,55,44,38,1.0,1.0,0.2,0.9,0.0
98,Agent 0,32,45,47,1.0,0.0,1.2,0.6,0.4
98,Agent 1,40,45,45,1.0,0.0,1.2,0.6,0.4
98,Agent 2,53,49,34,1.0,0.5,1.2,0.6,0.0
98,Agent 3,35,45,48,1.0,0.5,1.4,0.9,0.8
98,Agent 4,55,44,37,1.0,1.0,0.2,0.9,0.0
99,Agent 0,32,45,46,1.0,0.0,1.2,0.6,0.4
99,Agent 1,40,45,45,1.0,0.0,1.2,0.6,0.4
99,Agent 2,53,49,33,1.0,0.5,1.2,0.6,0.0
99,Agent 3,35,45,47,1.0,0.5,1.4,0.9,0.8
99,Agent 4,55,44,36,1.0,1.0,0.2,0.9,0.0
100,Agent 0,32,45,45,1.0,0.0,1.2,0.6,0.4
100,Agent 1,40,45,44,1.0,0.0,1.2,0.6,0.4
100,Agent 2,53,49,33,1.0,0.5,1.2,0.6,0.0
100,Agent 3,35,40,49,1.0,0.5,0.0,0.9,0.8
100,Agent 4,55,44,35,1.0,1.0,0.2,0.9,0.0
101,Agent 0,32,45,44,1.0,0.0,1.2,0.6,0.4
101,Agent 1,40,45,43,1.0,0.0,1.2,0.6,0.4
101,Agent 2,53,49,32,1.0,1.0,1.4,0.9,0.4
101,Agent 3,35,40,49,1.0,0.5,0.0,0.9,0.8
101,Agent 4,55,44,34,1.0,1.0,0.2,0.9,0.0
102,Agent 0,32,45,44,1.0,0.0,1.2,0.6,0.4
102,Agent 1,40,45,42,1.0,0.0,1.2,0.6,0.4
102,Agent 2,53,49,31,1.0,1.0,1.4,0.9,0.4
102,Agent 3,35,40,49,1.0,0.5,0.0,0.9,0.8
102,Agent 4,55,44,33,1.0,1.0,0.2,0.9,0.0
103,Agent 0,32,45,43,1.0,0.5,1.4,0.9,0.8
103,Agent 1,40,45,41,1.0,0.0,1.2,0.6,0.4
103,Agent 2,53,49,30,1.0,1.0,1.4,0.9,0.4
103,Agent 3,35,40,49,1.0,0.5,0.0,0.9,0.8
103,Agent 4,55,44,32,1.0,1.0,0.2,0.9,0.0
104,Agent 0,32,45,42,1.0,0.5,1.4,0.9,0.8
104,Agent 1,40,45,41,1.0,0.0,1.2,0.6,0.4
104,Agent 2,53,49,29,1.0,1.0,1.4,0.9,0.4
104,Agent 3,35,40,48,1.0,0.5,0.0,0.9,0.8
104,Agent 4,55,44,31,1.0,1.0,0.2,0.9,0.0
105,Agent 0,32,45,41,1.0,0.5,1.4,0.9,0.8
105,Agent 1,40,45,40,1.0,0.5,1.4,0.9,0.8
105,Agent 2,53,49,28,1.0,1.0,1.4,0.9,0.4
105,Agent 3,35,40,47,1.0,0.5,0.0,0.9,0.8
105,Agent 4,55,44,30,1.0,1.0,0.2,0.9,0.0
106,Agent 0,32,45,40,1.0,0.5,1.4,0.9,0.8
106,Agent 1,40,45,39,1.0,0.5,1.4,0.9,0.8
106,Agent 2,53,49,27,1.0,1.0,1.4,0.9,0.4
106,Agent 3,35,40,46,1.0,0.5,0.0,0.9,0.8
106,Agent 4,55,44,29,1.0,1.0,0.2,0.9,0.0
107,Agent 0,32,45,39,1.0,0.5,1.4,0.9,0.8
107,Agent 1,40,45,38,1.0,0.5,1.4,0.9,0.8
107,Agent 2,53,44,29,1.0,1.0,0.0,0.9,0.4
107,Agent 3,35,40,45,1.0,0.5,0.0,0.9,0.8
107,Agent 4,55,44,28,1.0,1.0,0.2,0.9,0.0
108,Agent 0,32,45,38,1.0,0.5,1.4,0.9,0.8
108,Agent 1,40,45,37,1.0,0.5,1.4,0.9,0.8
108,Agent 2,53,44,29,1.0,1.0,0.0,0.9,0.4
108,Agent 3,35,40,44,1.0,0.5,0.0,0.9,0.8
108,Agent 4,55,44,27,1.0,1.0,0.2,0.9,0.0
109,Agent 0,32,45,37,1.0,0.5,1.4,0.9,0.8
109,Agent 1,40,40,39,1.0,0.5,0.0,0.9,0.8
109,Agent 2,53,44,29,1.0,1.0,0.0,0.9,0.4
109,Agent 3,35,40,43,1.0,0.5,0.0,0.9,0.8
109,Agent 4,55,44,26,1.0,1.0,0.2,0.9,0.0
110,Agent 0,32,45,36,1.0,0.5,1.4,0.9,0.8
110,Agent 1,40,40,39,1.0,0.5,0.0,0.9,0.8
110,Agent 2,53,44,29,1.0,1.0,0.0,0.9,0.4
110,Agent 3,35,40,42,1.0,0.5,0.0,0.9,0.8
110,Agent 4,55,44,26,1.0,1.0,0.2,0.9,0.0
111,Agent 0,32,45,35,1.0,0.5,1.4,0.9,0.8
111,Agent 1,40,40,39,1.0,0.5,0.0,0.9,0.8
111,Agent 2,53,44,28,1.0,1.0,0.0,0.9,0.4
111,Agent 3,35,40,42,1.0,0.5,0.0,0.9,0.8
111,Agent 4,55,44,25,1.0,1.5,0.4,1.2,0.4
112,Agent 0,32,45,34,1.0,0.5,1.4,0.9,0.8
112,Agent 1,40,40,39,1.0,0.5,0.0,0.9,0.8
112,Agent 2,53,44,27,1.0,1.0,0.0,0.9,0.4
112,Agent 3,35,40,41,1.0,1.0,0.2,1.2,1.2
112,Agent 4,55,44,24,1.0,1.5,0.4,1.2,0.4
113,Agent 0,32,45,33,1.0,0.5,1.4,0.9,0.8
113,Agent 1,40,40,38,1.0,0.5,0.0,0.9,0.8
113,Agent 2,53,44,26,1.0,1.0,0.0,0.9,0.4
113,Agent 3,35,40,40,1.0,1.0,0.2,1.2,1.2
113,Agent 4,55,44,23,1.0,1.5,0.4,1.2,0.4
114,Agent 0,32,40,35,1.0,0.5,0.0,0.9,0.8
114,Agent 1,40,40,37,1.0,0.5,0.0,0.9,0.8
114,Agent 2,53,44,25,1.0,1.0,0.0,0.9,0.4
114,Agent 3,35,40,39,1.0,1.0,0.2,1.2,1.2
114,Agent 4,55,44,22,1.0,1.5,0.4,1.2,0.4
115,Agent 0,32,40,35,1.0,0.5,0.0,0.9,0.8
115,Agent 1,40,40,36,1.0,0.5,0.0,0.9,0.8
115,Agent 2,53,44,24,1.0,1.0,0.0,0.9,0.4
115,Agent 3,35,40,38,1.0,1.0,0.2,1.2,1.2
115,Agent 4,55,44,21,1.0,1.5,0.4,1.2,0.4
116,Agent 0,32,40,35,1.0,0.5,0.0,0.9,0.8
116,Agent 1,40,40,36,1.0,0.5,0.0,0.9,0.8
116,Agent 2,53,44,23,1.0,1.0,0.0,0.9,0.4
116,Agent 3,35,40,37,1.0,1.0,0.2,1.2,1.2
116,Agent 4,55,44,20,1.0,1.5,0.4,1.2,0.4
117,Agent 0,32,40,35,1.0,0.5,0.0,0.9,0.8
117,Agent 1,40,40,35,1.0,1.0,0.2,1.2,1.2
117,Agent 2,53,44,23,1.0,1.0,0.0,0.9,0.4
117,Agent 3,35,50,32,1.0,1.0,0.2,1.2,0.0
117,Agent 4,55,44,19,1.0,1.5,0.4,1.2,0.4
118,Agent 0,32,40,34,1.0,0.5,0.0,0.9,0.8
118,Agent 1,40,40,34,1.0,1.0,0.2,1.2,1.2
118,Agent 2,53,44,22,1.0,1.5,0.2,1.2,0.8
118,Agent 3,35,50,32,1.0,1.0,0.2,1.2,0.0
118,Agent 4,55,44,18,1.0,1.5,0.4,1.2,0.4
119,Agent 0,32,40,33,1.0,0.5,0.0,0.9,0.8
119,Agent 1,40,40,33,1.0,1.0,0.2,1.2,1.2
119,Agent 2,53,44,21,1.0,1.5,0.2,1.2,0.8
119,Agent 3,35,50,32,1.0,1.0,0.2,1.2,0.0
119,Agent 4,55,40,28,1.0,0.0,0.4,1.2,0.4
120,Agent 0,32,40,32,1.0,0.5,0.0,0.9,0.8
120,Agent 1,40,40,32,1.0,1.0,0.2,1.2,1.2
120,Agent 2,53,44,20,1.0,1.5,0.2,1.2,0.8
120,Agent 3,35,50,32,1.0,1.0,0.2,1.2,0.0
120,Agent 4,55,40,28,1.0,0.0,0.4,1.2,0.4
121,Agent 0,32,40,31,1.0,0.5,0.0,0.9,0.8
121,Agent 1,40,40,31,1.0,1.0,0.2,1.2,1.2
121,Agent 2,53,44,19,1.0,1.5,0.2,1.2,0.8
121,Agent 3,35,50,31,1.0,1.0,0.2,1.2,0.0
121,Agent 4,55,40,28,1.0,0.0,0.4,1.2,0.4
122,Agent 0,32,40,30,1.0,0.5,0.0,0.9,0.8
122,Agent 1,40,40,30,1.0,1.0,0.2,1.2,1.2
122,Agent 2,53,40,29,1.0,0.0,0.2,1.2,0.8
122,Agent 3,35,50,30,1.0,1.0,0.2,1.2,0.0
122,Agent 4,55,40,28,1.0,0.0,0.4,1.2,0.4
123,Agent 0,32,40,29,1.0,0.5,0.0,0.9,0.8
123,Agent 1,40,40,29,1.0,1.0,0.2,1.2,1.2
123,Agent 2,53,40,29,1.0,0.0,0.2,1.2,0.8
123,Agent 3,35,50,29,1.0,1.0,0.2,1.2,0.0
123,Agent 4,55,40,27,1.0,0.0,0.4,1.2,0.4
124,Agent 0,32,40,28,1.0,0.5,0.0,0.9,0.8
124,Agent 1,40,40,28,1.0,1.0,0.2,1.2,1.2
124,Agent 2,53,40,29,1.0,0.0,0.2,1.2,0.8
124,Agent 3,35,50,29,1.0,1.0,0.2,1.2,0.0
124,Agent 4,55,40,26,1.0,0.0,0.4,1.2,0.4
125,Agent 0,32,40,27,1.0,0.5,0.0,0.9,0.8
125,Agent 1,40,40,27,1.0,1.0,0.2,1.2,1.2
125,Agent 2,53,40,29,1.0,0.0,0.2,1.2,0.8
125,Agent 3,35,50,28,1.0,1.5,0.4,1.5,0.4
125,Agent 4,55,40,25,1.0,0.0,0.4,1.2,0.4
126,Agent 0,32,40,26,1.0,0.5,0.0,0.9,0.8
126,Agent 1,40,50,22,1.0,1.0,0.2,1.2,0.0
126,Agent 2,53,40,28,1.0,0.0,0.2,1.2,0.8
126,Agent 3,35,50,27,1.0,1.5,0.4,1.5,0.4
126,Agent 4,55,40,25,1.0,0.0,0.4,1.2,0.4
127,Agent 0,32,40,26,1.0,0.5,0.0,0.9,0.8
127,Agent 1,40,50,22,1.0,1.0,0.2,1.2,0.0
127,Agent 2,53,40,27,1.0,0.0,0.2,1.2,0.8
127,Agent 3,35,50,26,1.0,1.5,0.4,1.5,0.4
127,Agent 4,55,40,24,1.0,0.5,0.6,1.5,0.8
128,Agent 0,32,40,25,1.0,1.0,0.2,1.2,1.2
128,Agent 1,40,50,22,1.0,1.0,0.2,1.2,0.0
128,Agent 2,53,40,26,1.0,0.0,0.2,1.2,0.8
128,Agent 3,35,50,25,1.0,1.5,0.4,1.5,0.4
128,Agent 4,55,40,23,1.0,0.5,0.6,1.5,0.8
129,Agent 0,32,40,24,1.0,1.0,0.2,1.2,1.2
129,Agent 1,40,50,22,1.0,1.0,0.2,1.2,0.0
129,Agent 2,53,40,26,1.0,0.0,0.2,1.2,0.8
129,Agent 3,35,50,24,1.0,1.5,0.4,1.5,0.4
129,Agent 4,55,40,22,1.0,0.5,0.6,1.5,0.8
130,Agent 0,32,40,23,1.0,1.0,0.2,1.2,1.2
130,Agent 1,40,50,21,1.0,1.0,0.2,1.2,0.0
130,Agent 2,53,40,25,1.0,0.5,0.4,1.5,1.2
130,Agent 3,35,46,34,1.0,0.0,0.4,1.5,0.4
130,Agent 4,55,36,32,1.0,0.0,0.6,1.5,0.8
131,Agent 0,32,40,22,1.0,1.0,0.2,1.2,1.2
131,Agent 1,40,50,20,1.0,1.0,0.2,1.2,0.0
131,Agent 2,53,40,24,1.0,0.5,0.4,1.5,1.2
131,Agent 3,35,46,34,1.0,0.0,0.4,1.5,0.4
131,Agent 4,55,36,32,1.0,0.0,0.6,1.5,0.8
132,Agent 0,32,40,21,1.0,1.0,0.2,1.2,1.2
132,Agent 1,40,50,19,1.0,1.0,0.2,1.2,0.0
132,Agent 2,53,40,23,1.0,0.5,0.4,1.5,1.2
132,Agent 3,35,46,34,1.0,0.0,0.4,1.5,0.4
132,Agent 4,55,36,32,1.0,0.0,0.6,1.5,0.8
133,Agent 0,32,50,16,1.0,1.0,0.2,1.2,0.0
133,Agent 1,40,50,18,1.0,1.0,0.2,1.2,0.0
133,Agent 2,53,40,22,1.0,0.5,0.4,1.5,1.2
133,Agent 3,35,46,34,1.0,0.0,0.4,1.5,0.4
133,Agent 4,55,36,32,1.0,0.0,0.6,1.5,0.8
134,Agent 0,32,50,16,1.0,1.0,0.2,1.2,0.0
134,Agent 1,40,50,17,1.0,1.0,0.2,1.2,0.0
134,Agent 2,53,40,21,1.0,0.5,0.4,1.5,1.2
134,Agent 3,35,46,33,1.0,0.0,0.4,1.5,0.4
134,Agent 4,55,36,31,1.0,0.0,0.6,1.5,0.8
135,Agent 0,32,50,16,1.0,1.0,0.2,1.2,0.0
135,Agent 1,40,50,16,1.0,1.0,0.2,1.2,0.0
135,Agent 2,53,40,20,1.0,0.5,0.4,1.5,1.2
135,Agent 3,35,46,32,1.0,0.0,0.4,1.5,0.4
135,Agent 4,55,36,30,1.0,0.0,0.6,1.5,0.8
136,Agent 0,32,50,16,1.0,1.0,0.2,1.2,0.0
136,Agent 1,40,50,15,1.0,1.0,0.2,1.2,0.0
136,Agent 2,53,40,19,1.0,0.5,0.4,1.5,1.2
136,Agent 3,35,46,31,1.0,0.0,0.4,1.5,0.4
136,Agent 4,55,36,29,1.0,0.0,0.6,1.5,0.8
137,Agent 0,32,50,15,1.0,1.0,0.2,1.2,0.0
137,Agent 1,40,50,15,1.0,1.0,0.2,1.2,0.0
137,Agent 2,53,40,18,1.0,0.5,0.4,1.5,1.2
137,Agent 3,35,46,30,1.0,0.0,0.4,1.5,0.4
137,Agent 4,55,36,28,1.0,0.0,0.6,1.5,0.8
138,Agent 0,32,50,14,1.0,1.0,0.2,1.2,0.0
138,Agent 1,40,50,14,1.0,1.5,0.4,1.5,0.4
138,Agent 2,53,40,17,1.0,0.5,0.4,1.5,1.2
138,Agent 3,35,46,29,1.0,0.0,0.4,1.5,0.4
138,Agent 4,55,36,27,1.0,0.0,0.6,1.5,0.8
139,Agent 0,32,50,13,1.0,1.0,0.2,1.2,0.0
139,Agent 1,40,50,13,1.0,1.5,0.4,1.5,0.4
139,Agent 2,53,37,18,1.0,0.5,0.4,0.0,1.2
139,Agent 3,35,46,28,1.0,0.0,0.4,1.5,0.4
139,Agent 4,55,36,26,1.0,0.0,0.6,1.5,0.8
140,Agent 0,32,50,12,1.0,1.0,0.2,1.2,0.0
140,Agent 1,40,50,12,1.0,1.5,0.4,1.5,0.4
140,Agent 2,53,37,18,1.0,0.5,0.4,0.0,1.2
140,Agent 3,35,46,28,1.0,0.0,0.4,1.5,0.4
140,Agent 4,55,36,26,1.0,0.0,0.6,1.5,0.8
141,Agent 0,32,50,11,1.0,1.0,0.2,1.2,0.0
141,Agent 1,40,46,22,1.0,0.0,0.4,1.5,0.4
141,Agent 2,53,37,18,1.0,0.5,0.4,0.0,1.2
141,Agent 3,35,46,27,1.0,0.5,0.6,1.8,0.8
141,Agent 4,55,36,25,1.0,0.5,0.8,1.8,1.2
142,Agent 0,32,50,10,1.0,1.0,0.2,1.2,0.0
142,Agent 1,40,46,22,1.0,0.0,0.4,1.5,0.4
142,Agent 2,53,37,18,1.0,0.5,0.4,0.0,1.2
142,Agent 3,35,46,26,1.0,0.5,0.6,1.8,0.8
142,Agent 4,55,36,24,1.0,0.5,0.8,1.8,1.2
143,Agent 0,32,50,10,1.0,1.0,0.2,1.2,0.0
143,Agent 1,40,46,22,1.0,0.0,0.4,1.5,0.4
143,Agent 2,53,37,17,1.0,0.5,0.4,0.0,1.2
143,Agent 3,35,46,25,1.0,0.5,0.6,1.8,0.8
143,Agent 4,55,36,23,1.0,0.5,0.8,1.8,1.2
144,Agent 0,32,50,9,1.0,1.5,0.4,1.5,0.4
144,Agent 1,40,46,22,1.0,0.0,0.4,1.5,0.4
144,Agent 2,53,37,16,1.0,0.5,0.4,0.0,1.2
144,Agent 3,35,46,24,1.0,0.5,0.6,1.8,0.8
144,Agent 4,55,36,22,1.0,0.5,0.8,1.8,1.2
145,Agent 0,32,50,8,1.0,1.5,0.4,1.5,0.4
145,Agent 1,40,46,21,1.0,0.0,0.4,1.5,0.4
145,Agent 2,53,37,15,1.0,0.5,0.4,0.0,1.2
145,Agent 3,35,46,23,1.0,0.5,0.6,1.8,0.8
145,Agent 4,55,36,21,1.0,0.5,0.8,1.8,1.2
146,Agent 0,32,50,7,1.0,1.5,0.4,1.5,0.4
146,Agent 1,40,46,20,1.0,0.0,0.4,1.5,0.4
146,Agent 2,53,37,14,1.0,0.5,0.4,0.0,1.2
146,Agent 3,35,46,22,1.0,0.5,0.6,1.8,0.8
146,Agent 4,55,36,20,1.0,0.5,0.8,1.8,1.2
147,Agent 0,32,50,6,1.0,1.5,0.4,1.5,0.4
147,Agent 1,40,46,20,1.0,0.0,0.4,1.5,0.4
147,Agent 2,53,37,13,1.0,0.5,0.4,0.0,1.2
147,Agent 3,35,46,21,1.0,0.5,0.6,1.8,0.8
147,Agent 4,55,36,19,1.0,0.5,0.8,1.8,1.2
148,Agent 0,32,50,5,1.0,1.5,0.4,1.5,0.4
148,Agent 1,40,46,19,1.0,0.5,0.6,1.8,0.8
148,Agent 2,53,37,12,1.0,0.5,0.4,0.0,1.2
148,Agent 3,35,46,20,1.0,0.5,0.6,1.8,0.8
148,Agent 4,55,36,18,1.0,0.5,0.8,1.8,1.2
149,Agent 0,32,50,4,1.0,1.5,0.4,1.5,0.4
149,Agent 1,40,46,18,1.0,0.5,0.6,1.8,0.8
149,Agent 2,53,37,11,1.0,0.5,0.4,0.0,1.2
149,Agent 3,35,43,21,1.0,0.5,0.6,0.0,0.8
149,Agent 4,55,36,17,1.0,0.5,0.8,1.8,1.2
150,Agent 0,32,50,3,1.0,1.5,0.4,1.5,0.4
150,Agent 1,40,42,28,1.0,0.0,0.6,1.8,0.8
150,Agent 2,53,37,10,1.0,0.5,0.4,0.0,1.2
150,Agent 3,35,43,21,1.0,0.5,0.6,0.0,0.8
150,Agent 4,55,36,16,1.0,0.5,0.8,1.8,1.2
151,Agent 0,32,50,2,1.0,1.5,0.4,1.5,0.4
151,Agent 1,40,42,28,1.0,0.0,0.6,1.8,0.8
151,Agent 2,53,37,9,1.0,0.5,0.4,0.0,1.2
151,Agent 3,35,43,21,1.0,0.5,0.6,0.0,0.8
151,Agent 4,55,36,15,1.0,0.5,0.8,1.8,1.2
152,Agent 0,32,46,12,1.0,0.0,0.4,1.5,0.4
152,Agent 1,40,42,28,1.0,0.0,0.6,1.8,0.8
152,Agent 2,53,37,8,1.0,0.5,0.4,0.0,1.2
152,Agent 3,35,43,21,1.0,0.5,0.6,0.0,0.8
152,Agent 4,55,36,14,1.0,0.5,0.8,1.8,1.2
153,Agent 0,32,46,12,1.0,0.0,0.4,1.5,0.4
153,Agent 1,40,42,28,1.0,0.0,0.6,1.8,0.8
153,Agent 2,53,37,8,1.0,0.5,0.4,0.0,1.2
153,Agent 3,35,43,20,1.0,0.5,0.6,0.0,0.8
153,Agent 4,55,33,15,1.0,0.5,0.8,0.0,1.2
154,Agent 0,32,46,12,1.0,0.0,0.4,1.5,0.4
154,Agent 1,40,42,27,1.0,0.0,0.6,1.8,0.8
154,Agent 2,53,37,7,1.0,1.0,0.6,0.3,1.6
154,Agent 3,35,43,19,1.0,0.5,0.6,0.0,0.8
154,Agent 4,55,33,15,1.0,0.5,0.8,0.0,1.2
155,Agent 0,32,46,12,1.0,0.0,0.4,1.5,0.4
155,Agent 1,40,42,26,1.0,0.0,0.6,1.8,0.8
155,Agent 2,53,37,6,1.0,1.0,0.6,0.3,1.6
155,Agent 3,35,43,18,1.0,0.5,0.6,0.0,0.8
155,Agent 4,55,33,15,1.0,0.5,0.8,0.0,1.2
156,Agent 0,32,46,11,1.0,0.0,0.4,1.5,0.4
156,Agent 1,40,42,25,1.0,0.0,0.6,1.8,0.8
156,Agent 2,53,37,5,1.0,1.0,0.6,0.3,1.6
156,Agent 3,35,43,17,1.0,0.5,0.6,0.0,0.8
156,Agent 4,55,33,15,1.0,0.5,0.8,0.0,1.2
157,Agent 0,32,46,10,1.0,0.0,0.4,1.5,0.4
157,Agent 1,40,42,24,1.0,0.0,0.6,1.8,0.8
157,Agent 2,53,37,4,1.0,1.0,0.6,0.3,1.6
157,Agent 3,35,43,16,1.0,0.5,0.6,0.0,0.8
157,Agent 4,55,33,14,1.0,0.5,0.8,0.0,1.2
158,Agent 0,32,46,10,1.0,0.0,0.4,1.5,0.4
158,Agent 1,40,42,23,1.0,0.0,0.6,1.8,0.8
158,Agent 2,53,33,14,1.0,0.0,0.6,0.3,1.6
158,Agent 3,35,43,16,1.0,0.5,0.6,0.0,0.8
158,Agent 4,55,33,13,1.0,0.5,0.8,0.0,1.2
159,Agent 0,32,46,9,1.0,0.5,0.6,1.8,0.8
159,Agent 1,40,42,22,1.0,0.0,0.6,1.8,0.8
159,Agent 2,53,33,14,1.0,0.0,0.6,0.3,1.6
159,Agent 3,35,43,15,1.0,1.0,0.8,0.3,1.2
159,Agent 4,55,33,12,1.0,0.5,0.8,0.0,1.2
160,Agent 0,32,46,8,1.0,0.5,0.6,1.8,0.8
160,Agent 1,40,42,21,1.0,0.0,0.6,1.8,0.8
160,Agent 2,53,33,14,1.0,0.0,0.6,0.3,1.6
160,Agent 3,35,39,25,1.0,0.0,0.8,0.3,1.2
160,Agent 4,55,33,11,1.0,0.5,0.8,0.0,1.2
161,Agent 0,32,42,18,1.0,0.0,0.6,1.8,0.8
161,Agent 1,40,42,21,1.0,0.0,0.6,1.8,0.8
161,Agent 2,53,33,14,1.0,0.0,0.6,0.3,1.6
161,Agent 3,35,39,25,1.0,0.0,0.8,0.3,1.2
161,Agent 4,55,33,10,1.0,0.5,0.8,0.0,1.2
162,Agent 0,32,42,18,1.0,0.0,0.6,1.8,0.8
162,Agent 1,40,42,20,1.0,0.5,0.8,2.1,1.2
162,Agent 2,53,33,13,1.0,0.0,0.6,0.3,1.6
162,Agent 3,35,39,25,1.0,0.0,0.8,0.3,1.2
162,Agent 4,55,33,10,1.0,0.5,0.8,0.0,1.2
163,Agent 0,32,42,18,1.0,0.0,0.6,1.8,0.8
163,Agent 1,40,42,19,1.0,0.5,0.8,2.1,1.2
163,Agent 2,53,33,12,1.0,0.0,0.6,0.3,1.6
163,Agent 3,35,39,25,1.0,0.0,0.8,0.3,1.2
163,Agent 4,55,33,9,1.0,1.0,1.0,0.3,1.6
164,Agent 0,32,42,18,1.0,0.0,0.6,1.8,0.8
164,Agent 1,40,42,18,1.0,0.5,0.8,2.1,1.2
164,Agent 2,53,33,11,1.0,0.0,0.6,0.3,1.6
164,Agent 3,35,39,24,1.0,0.0,0.8,0.3,1.2
164,Agent 4,55,33,8,1.0,1.0,1.0,0.3,1.6
165,Agent 0,32,42,17,1.0,0.0,0.6,1.8,0.8
165,Agent 1,40,42,17,1.0,0.5,0.8,2.1,1.2
165,Agent 2,53,33,10,1.0,0.0,0.6,0.3,1.6
165,Agent 3,35,39,23,1.0,0.0,0.8,0.3,1.2
165,Agent 4,55,33,7,1.0,1.0,1.0,0.3,1.6
166,Agent 0,32,42,16,1.0,0.0,0.6,1.8,0.8
166,Agent 1,40,42,16,1.0,0.5,0.8,2.1,1.2
166,Agent 2,53,33,9,1.0,0.0,0.6,0.3,1.6
166,Agent 3,35,39,22,1.0,0.0,0.8,0.3,1.2
166,Agent 4,55,29,17,1.0,0.0,1.0,0.3,1.6
167,Agent 0,32,42,15,1.0,0.0,0.6,1.8,0.8
167,Agent 1,40,42,15,1.0,0.5,0.8,2.1,1.2
167,Agent 2,53,33,8,1.0,0.0,0.6,0.3,1.6
167,Agent 3,35,39,22,1.0,0.0,0.8,0.3,1.2
167,Agent 4,55,29,17,1.0,0.0,1.0,0.3,1.6
168,Agent 0,32,42,14,1.0,0.0,0.6,1.8,0.8
168,Agent 1,40,42,14,1.0,0.5,0.8,2.1,1.2
168,Agent 2,53,33,7,1.0,0.0,0.6,0.3,1.6
168,Agent 3,35,39,21,1.0,0.5,1.0,0.6,1.6
168,Agent 4,55,29,17,1.0,0.0,1.0,0.3,1.6
169,Agent 0,32,42,13,1.0,0.0,0.6,1.8,0.8
169,Agent 1,40,38,24,1.0,0.0,0.8,2.1,1.2
169,Agent 2,53,33,7,1.0,0.0,0.6,0.3,1.6
169,Agent 3,35,39,20,1.0,0.5,1.0,0.6,1.6
169,Agent 4,55,29,17,1.0,0.0,1.0,0.3,1.6
170,Agent 0,32,42,12,1.0,0.0,0.6,1.8,0.8
170,Agent 1,40,38,24,1.0,0.0,0.8,2.1,1.2
170,Agent 2,53,33,6,1.0,0.5,0.8,0.6,2.0
170,Agent 3,35,39,19,1.0,0.5,1.0,0.6,1.6
170,Agent 4,55,29,16,1.0,0.0,1.0,0.3,1.6
171,Agent 0,32,42,11,1.0,0.0,0.6,1.8,0.8
171,Agent 1,40,38,24,1.0,0.0,0.8,2.1,1.2
171,Agent 2,53,33,5,1.0,0.5,0.8,0.6,2.0
171,Agent 3,35,35,29,1.0,0.0,1.0,0.6,1.6
171,Agent 4,55,29,15,1.0,0.0,1.0,0.3,1.6
172,Agent 0,32,42,10,1.0,0.0,0.6,1.8,0.8
172,Agent 1,40,38,24,1.0,0.0,0.8,2.1,1.2
172,Agent 2,53,33,4,1.0,0.5,0.8,0.6,2.0
172,Agent 3,35,35,29,1.0,0.0,1.0,0.6,1.6
172,Agent 4,55,29,15,1.0,0.0,1.0,0.3,1.6
173,Agent 0,32,42,9,1.0,0.0,0.6,1.8,0.8
173,Agent 1,40,38,23,1.0,0.0,0.8,2.1,1.2
173,Agent 2,53,33,3,1.0,0.5,0.8,0.6,2.0
173,Agent 3,35,35,29,1.0,0.0,1.0,0.6,1.6
173,Agent 4,55,29,14,1.0,0.5,1.2,0.6,2.0
174,Agent 0,32,42,8,1.0,0.0,0.6,1.8,0.8
174,Agent 1,40,38,22,1.0,0.0,0.8,2.1,1.2
174,Agent 2,53,33,2,1.0,0.5,0.8,0.6,2.0
174,Agent 3,35,35,29,1.0,0.0,1.0,0.6,1.6
174,Agent 4,55,29,13,1.0,0.5,1.2,0.6,2.0
175,Agent 0,32,42,8,1.0,0.0,0.6,1.8,0.8
175,Agent 1,40,38,21,1.0,0.0,0.8,2.1,1.2
175,Agent 2,53,33,1,1.0,0.5,0.8,0.6,2.0
175,Agent 3,35,35,28,1.0,0.0,1.0,0.6,1.6
175,Agent 4,55,25,23,1.0,0.0,1.2,0.6,2.0
176,Agent 0,32,42,7,1.0,0.5,0.8,2.1,1.2
176,Agent 1,40,38,20,1.0,0.0,0.8,2.1,1.2
176,Agent 2,53,33,0,1.0,0.5,0.8,0.6,2.0
176,Agent 3,35,35,27,1.0,0.0,1.0,0.6,1.6
176,Agent 4,55,25,23,1.0,0.0,1.2,0.6,2.0
177,Agent 0,32,42,6,1.0,0.5,0.8,2.1,1.2
177,Agent 1,40,38,19,1.0,0.0,0.8,2.1,1.2
177,Agent 2,53,29,10,1.0,0.0,0.8,0.6,2.0
177,Agent 3,35,35,26,1.0,0.0,1.0,0.6,1.6
177,Agent 4,55,25,23,1.0,0.0,1.2,0.6,2.0
178,Agent 0,32,42,5,1.0,0.5,0.8,2.1,1.2
178,Agent 1,40,38,18,1.0,0.0,0.8,2.1,1.2
178,Agent 2,53,29,10,1.0,0.0,0.8,0.6,2.0
178,Agent 3,35,35,26,1.0,0.0,1.0,0.6,1.6
178,Agent 4,55,25,23,1.0,0.0,1.2,0.6,2.0
179,Agent 0,32,42,4,1.0,0.5,0.8,2.1,1.2
179,Agent 1,40,38,17,1.0,0.0,0.8,2.1,1.2
179,Agent 2,53,29,10,1.0,0.0,0.8,0.6,2.0
179,Agent 3,35,35,25,1.0,0.5,1.2,0.9,2.0
179,Agent 4,55,25,22,1.0,0.0,1.2,0.6,2.0
180,Agent 0,32,42,3,1.0,0.5,0.8,2.1,1.2
180,Agent 1,40,38,17,1.0,0.0,0.8,2.1,1.2
180,Agent 2,53,29,10,1.0,0.0,0.8,0.6,2.0
180,Agent 3,35,35,24,1.0,0.5,1.2,0.9,2.0
180,Agent 4,55,25,21,1.0,0.0,1.2,0.6,2.0
181,Agent 0,32,42,2,1.0,0.5,0.8,2.1,1.2
181,Agent 1,40,38,16,1.0,0.5,1.0,2.4,1.6
181,Agent 2,53,29,9,1.0,0.0,0.8,0.6,2.0
181,Agent 3,35,35,23,1.0,0.5,1.2,0.9,2.0
181,Agent 4,55,25,20,1.0,0.0,1.2,0.6,2.0
182,Agent 0,32,42,1,1.0,0.5,0.8,2.1,1.2
182,Agent 1,40,38,15,1.0,0.5,1.0,2.4,1.6
182,Agent 2,53,29,8,1.0,0.0,0.8,0.6,2.0
182,Agent 3,35,45,18,1.0,0.5,1.2,0.9,0.0
182,Agent 4,55,25,19,1.0,0.0,1.2,0.6,2.0
183,Agent 0,32,42,0,1.0,0.5,0.8,2.1,1.2
183,Agent 1,40,38,14,1.0,0.5,1.0,2.4,1.6
183,Agent 2,53,29,7,1.0,0.0,0.8,0.6,2.0
183,Agent 3,35,45,18,1.0,0.5,1.2,0.9,0.0
183,Agent 4,55,25,18,1.0,0.0,1.2,0.6,2.0
184,Agent 0,32,42,0,1.0,0.5,0.8,2.1,1.2
184,Agent 1,40,38,13,1.0,0.5,1.0,2.4,1.6
184,Agent 2,53,29,6,1.0,0.0,0.8,0.6,2.0
184,Agent 3,35,45,18,1.0,0.5,1.2,0.9,0.0
184,Agent 4,55,25,18,1.0,0.0,1.2,0.6,2.0
185,Agent 0,32,42,0,1.0,0.5,0.8,2.1,1.2
185,Agent 1,40,38,12,1.0,0.5,1.0,2.4,1.6
185,Agent 2,53,29,5,1.0,0.0,0.8,0.6,2.0
185,Agent 3,35,45,18,1.0,0.5,1.2,0.9,0.0
185,Agent 4,55,25,17,1.0,0.5,1.4,0.9,2.4
186,Agent 0,32,38,10,1.0,0.0,0.8,2.1,1.2
186,Agent 1,40,38,11,1.0,0.5,1.0,2.4,1.6
186,Agent 2,53,29,4,1.0,0.0,0.8,0.6,2.0
186,Agent 3,35,45,17,1.0,0.5,1.2,0.9,0.0
186,Agent 4,55,25,16,1.0,0.5,1.4,0.9,2.4
187,Agent 0,32,38,10,1.0,0.0,0.8,2.1,1.2
187,Agent 1,40,38,10,1.0,0.5,1.0,2.4,1.6
187,Agent 2,53,29,3,1.0,0.0,0.8,0.6,2.0
187,Agent 3,35,45,16,1.0,0.5,1.2,0.9,0.0
187,Agent 4,55,25,15,1.0,0.5,1.4,0.9,2.4
188,Agent 0,32,38,10,1.0,0.0,0.8,2.1,1.2
188,Agent 1,40,34,20,1.0,0.0,1.0,2.4,1.6
188,Agent 2,53,29,3,1.0,0.0,0.8,0.6,2.0
188,Agent 3,35,45,15,1.0,0.5,1.2,0.9,0.0
188,Agent 4,55,25,14,1.0,0.5,1.4,0.9,2.4
189,Agent 0,32,38,10,1.0,0.0,0.8,2.1,1.2
189,Agent 1,40,34,20,1.0,0.0,1.0,2.4,1.6
189,Agent 2,53,29,2,1.0,0.5,1.0,0.9,2.4
189,Agent 3,35,45,14,1.0,0.5,1.2,0.9,0.0
189,Agent 4,55,25,13,1.0,0.5,1.4,0.9,2.4
190,Agent 0,32,38,9,1.0,0.0,0.8,2.1,1.2
190,Agent 1,40,34,20,1.0,0.0,1.0,2.4,1.6
190,Agent 2,53,29,1,1.0,0.5,1.0,0.9,2.4
190,Agent 3,35,45,13,1.0,0.5,1.2,0.9,0.0
190,Agent 4,55,21,23,1.0,0.0,1.4,0.9,2.4
191,Agent 0,32,38,8,1.0,0.0,0.8,2.1,1.2
191,Agent 1,40,34,20,1.0,0.0,1.0,2.4,1.6
191,Agent 2,53,29,0,1.0,0.5,1.0,0.9,2.4
191,Agent 3,35,45,12,1.0,0.5,1.2,0.9,0.0
191,Agent 4,55,21,23,1.0,0.0,1.4,0.9,2.4
192,Agent 0,32,38,7,1.0,0.0,0.8,2.1,1.2
192,Agent 1,40,34,19,1.0,0.0,1.0,2.4,1.6
192,Agent 2,53,29,0,1.0,0.5,1.0,0.9,2.4
192,Agent 3,35,45,12,1.0,0.5,1.2,0.9,0.0
192,Agent 4,55,21,23,1.0,0.0,1.4,0.9,2.4
193,Agent 0,32,38,6,1.0,0.0,0.8,2.1,1.2
193,Agent 1,40,34,18,1.0,0.0,1.0,2.4,1.6
193,Agent 2,53,29,0,1.0,0.5,1.0,0.9,2.4
193,Agent 3,35,45,11,1.0,1.0,1.4,1.2,0.4
193,Agent 4,55,21,23,1.0,0.0,1.4,0.9,2.4
194,Agent 0,32,38,5,1.0,0.0,0.8,2.1,1.2
194,Agent 1,40,34,17,1.0,0.0,1.0,2.4,1.6
194,Agent 2,53,29,0,1.0,0.5,1.0,0.9,2.4
194,Agent 3,35,45,10,1.0,1.0,1.4,1.2,0.4
194,Agent 4,55,21,22,1.0,0.0,1.4,0.9,2.4
195,Agent 0,32,38,4,1.0,0.0,0.8,2.1,1.2
195,Agent 1,40,34,16,1.0,0.0,1.0,2.4,1.6
195,Agent 2,53,29,0,1.0,0.5,1.0,0.9,2.4
195,Agent 3,35,45,9,1.0,1.0,1.4,1.2,0.4
195,Agent 4,55,21,21,1.0,0.0,1.4,0.9,2.4
196,Agent 0,32,38,4,1.0,0.0,0.8,2.1,1.2
196,Agent 1,40,34,15,1.0,0.0,1.0,2.4,1.6
196,Agent 2,53,25,10,1.0,0.0,1.0,0.9,2.4
196,Agent 3,35,45,8,1.0,1.0,1.4,1.2,0.4
196,Agent 4,55,21,20,1.0,0.0,1.4,0.9,2.4
197,Agent 0,32,38,3,1.0,0.5,1.0,2.4,1.6
197,Agent 1,40,34,14,1.0,0.0,1.0,2.4,1.6
197,Agent 2,53,25,10,1.0,0.0,1.0,0.9,2.4
197,Agent 3,35,41,18,1.0,0.0,1.4,1.2,0.4
197,Agent 4,55,21,19,1.0,0.0,1.4,0.9,2.4
198,Agent 0,32,38,2,1.0,0.5,1.0,2.4,1.6
198,Agent 1,40,34,13,1.0,0.0,1.0,2.4,1.6
198,Agent 2,53,25,10,1.0,0.0,1.0,0.9,2.4
198,Agent 3,35,41,18,1.0,0.0,1.4,1.2,0.4
198,Agent 4,55,21,18,1.0,0.0,1.4,0.9,2.4
199,Agent 0,32,38,1,1.0,0.5,1.0,2.4,1.6
199,Agent 1,40,34,12,1.0,0.0,1.0,2.4,1.6
199,Agent 2,53,25,10,1.0,0.0,1.0,0.9,2.4
199,Agent 3,35,41,18,1.0,0.0,1.4,1.2,0.4
199,Agent 4,55,21,17,1.0,0.0,1.4,0.9,2.4
200,Agent 0,32,38,0,1.0,0.5,1.0,2.4,1.6
200,Agent 1,40,34,12,1.0,0.0,1.0,2.4,1.6
200,Agent 2,53,25,9,1.0,0.0,1.0,0.9,2.4
200,Agent 3,35,41,18,1.0,0.0,1.4,1.2,0.4
200,Agent 4,55,21,16,1.0,0.0,1.4,0.9,2.4
201,Agent 0,32,38,0,1.0,0.5,1.0,2.4,1.6
201,Agent 1,40,34,11,1.0,0.5,1.2,2.7,2.0
201,Agent 2,53,25,8,1.0,0.0,1.0,0.9,2.4
201,Agent 3,35,41,17,1.0,0.0,1.4,1.2,0.4
201,Agent 4,55,21,15,1.0,0.0,1.4,0.9,2.4
202,Agent 0,32,38,0,1.0,0.5,1.0,2.4,1.6
202,Agent 1,40,34,10,1.0,0.5,1.2,2.7,2.0
202,Agent 2,53,25,7,1.0,0.0,1.0,0.9,2.4
202,Agent 3,35,41,16,1.0,0.0,1.4,1.2,0.4
202,Agent 4,55,21,15,1.0,0.0,1.4,0.9,2.4
203,Agent 0,32,34,10,1.0,0.0,1.0,2.4,1.6
203,Agent 1,40,34,9,1.0,0.5,1.2,2.7,2.0
203,Agent 2,53,25,6,1.0,0.0,1.0,0.9,2.4
203,Agent 3,35,41,15,1.0,0.0,1.4,1.2,0.4
203,Agent 4,55,21,14,1.0,0.5,1.6,1.2,2.8
204,Agent 0,32,34,10,1.0,0.0,1.0,2.4,1.6
204,Agent 1,40,34,8,1.0,0.5,1.2,2.7,2.0
204,Agent 2,53,25,5,1.0,0.0,1.0,0.9,2.4
204,Agent 3,35,41,14,1.0,0.0,1.4,1.2,0.4
204,Agent 4,55,21,13,1.0,0.5,1.6,1.2,2.8
205,Agent 0,32,34,10,1.0,0.0,1.0,2.4,1.6
205,Agent 1,40,34,7,1.0,0.5,1.2,2.7,2.0
205,Agent 2,53,25,4,1.0,0.0,1.0,0.9,2.4
205,Agent 3,35,41,13,1.0,0.0,1.4,1.2,0.4
205,Agent 4,55,21,12,1.0,0.5,1.6,1.2,2.8
206,Agent 0,32,34,10,1.0,0.0,1.0,2.4,1.6
206,Agent 1,40,34,6,1.0,0.5,1.2,2.7,2.0
206,Agent 2,53,25,3,1.0,0.0,1.0,0.9,2.4
206,Agent 3,35,41,13,1.0,0.0,1.4,1.2,0.4
206,Agent 4,55,21,11,1.0,0.5,1.6,1.2,2.8
207,Agent 0,32,34,9,1.0,0.0,1.0,2.4,1.6
207,Agent 1,40,34,5,1.0,0.5,1.2,2.7,2.0
207,Agent 2,53,25,3,1.0,0.0,1.0,0.9,2.4
207,Agent 3,35,41,12,1.0,0.5,1.6,1.5,0.8
207,Agent 4,55,21,10,1.0,0.5,1.6,1.2,2.8
208,Agent 0,32,34,8,1.0,0.0,1.0,2.4,1.6
208,Agent 1,40,34,4,1.0,0.5,1.2,2.7,2.0
208,Agent 2,53,25,2,1.0,0.5,1.2,1.2,2.8
208,Agent 3,35,41,11,1.0,0.5,1.6,1.5,0.8
208,Agent 4,55,21,9,1.0,0.5,1.6,1.2,2.8
209,Agent 0,32,34,7,1.0,0.0,1.0,2.4,1.6
209,Agent 1,40,30,14,1.0,0.0,1.2,2.7,2.0
209,Agent 2,53,25,1,1.0,0.5,1.2,1.2,2.8
209,Agent 3,35,41,10,1.0,0.5,1.6,1.5,0.8
209,Agent 4,55,21,8,1.0,0.5,1.6,1.2,2.8
210,Agent 0,32,34,6,1.0,0.0,1.0,2.4,1.6
210,Agent 1,40,30,14,1.0,0.0,1.2,2.7,2.0
210,Agent 2,53,25,0,1.0,0.5,1.2,1.2,2.8
210,Agent 3,35,41,9,1.0,0.5,1.6,1.5,0.8
210,Agent 4,55,21,7,1.0,0.5,1.6,1.2,2.8
211,Agent 0,32,34,5,1.0,0.0,1.0,2.4,1.6
211,Agent 1,40,30,14,1.0,0.0,1.2,2.7,2.0
211,Agent 2,53,25,0,1.0,0.5,1.2,1.2,2.8
211,Agent 3,35,41,8,1.0,0.5,1.6,1.5,0.8
211,Agent 4,55,17,17,1.0,0.0,1.6,1.2,2.8
212,Agent 0,32,34,5,1.0,0.0,1.0,2.4,1.6
212,Agent 1,40,30,14,1.0,0.0,1.2,2.7,2.0
212,Agent 2,53,25,0,1.0,0.5,1.2,1.2,2.8
212,Agent 3,35,37,18,1.0,0.0,1.6,1.5,0.8
212,Agent 4,55,17,17,1.0,0.0,1.6,1.2,2.8
213,Agent 0,32,34,4,1.0,0.5,1.2,2.7,2.0
213,Agent 1,40,30,13,1.0,0.0,1.2,2.7,2.0
213,Agent 2,53,25,0,1.0,0.5,1.2,1.2,2.8
213,Agent 3,35,37,18,1.0,0.0,1.6,1.5,0.8
213,Agent 4,55,17,17,1.0,0.0,1.6,1.2,2.8
214,Agent 0,32,34,3,1.0,0.5,1.2,2.7,2.0
214,Agent 1,40,30,12,1.0,0.0,1.2,2.7,2.0
214,Agent 2,53,25,0,1.0,0.5,1.2,1.2,2.8
214,Agent 3,35,37,18,1.0,0.0,1.6,1.5,0.8
214,Agent 4,55,17,17,1.0,0.0,1.6,1.2,2.8
215,Agent 0,32,34,2,1.0,0.5,1.2,2.7,2.0
215,Agent 1,40,30,11,1.0,0.0,1.2,2.7,2.0
215,Agent 2,53,21,10,1.0,0.0,1.2,1.2,2.8
215,Agent 3,35,37,18,1.0,0.0,1.6,1.5,0.8
215,Agent 4,55,17,16,1.0,0.0,1.6,1.2,2.8
216,Agent 0,32,34,1,1.0,0.5,1.2,2.7,2.0
216,Agent 1,40,30,10,1.0,0.0,1.2,2.7,2.0
216,Agent 2,53,21,10,1.0,0.0,1.2,1.2,2.8
216,Agent 3,35,37,17,1.0,0.0,1.6,1.5,0.8
216,Agent 4,55,17,15,1.0,0.0,1.6,1.2,2.8
217,Agent 0,32,34,0,1.0,0.5,1.2,2.7,2.0
217,Agent 1,40,30,9,1.0,0.0,1.2,2.7,2.0
217,Agent 2,53,21,10,1.0,0.0,1.2,1.2,2.8
217,Agent 3,35,37,16,1.0,0.0,1.6,1.5,0.8
217,Agent 4,55,17,14,1.0,0.0,1.6,1.2,2.8
218,Agent 0,32,30,10,1.0,0.0,1.2,2.7,2.0
218,Agent 1,40,30,8,1.0,0.0,1.2,2.7,2.0
218,Agent 2,53,21,10,1.0,0.0,1.2,1.2,2.8
218,Agent 3,35,37,15,1.0,0.0,1.6,1.5,0.8
218,Agent 4,55,17,13,1.0,0.0,1.6,1.2,2.8
219,Agent 0,32,30,10,1.0,0.0,1.2,2.7,2.0
219,Agent 1,40,30,7,1.0,0.0,1.2,2.7,2.0
219,Agent 2,53,21,9,1.0,0.0,1.2,1.2,2.8
219,Agent 3,35,37,14,1.0,0.0,1.6,1.5,0.8
219,Agent 4,55,17,13,1.0,0.0,1.6,1.2,2.8
220,Agent 0,32,30,10,1.0,0.0,1.2,2.7,2.0
220,Agent 1,40,30,7,1.0,0.0,1.2,2.7,2.0
220,Agent 2,53,21,8,1.0,0.0,1.2,1.2,2.8
220,Agent 3,35,37,13,1.0,0.0,1.6,1.5,0.8
220,Agent 4,55,17,12,1.0,0.5,1.8,1.5,3.2
221,Agent 0,32,30,10,1.0,0.0,1.2,2.7,2.0
221,Agent 1,40,30,6,1.0,0.5,1.4,3.0,2.4
221,Agent 2,53,21,8,1.0,0.0,1.2,1.2,2.8
221,Agent 3,35,37,12,1.0,0.0,1.6,1.5,0.8
221,Agent 4,55,17,11,1.0,0.5,1.8,1.5,3.2
222,Agent 0,32,30,9,1.0,0.0,1.2,2.7,2.0
222,Agent 1,40,30,5,1.0,0.5,1.4,3.0,2.4
222,Agent 2,53,21,7,1.0,0.5,1.4,1.5,3.2
222,Agent 3,35,37,12,1.0,0.0,1.6,1.5,0.8
222,Agent 4,55,17,10,1.0,0.5,1.8,1.5,3.2
223,Agent 0,32,30,8,1.0,0.0,1.2,2.7,2.0
223,Agent 1,40,30,4,1.0,0.5,1.4,3.0,2.4
223,Agent 2,53,21,6,1.0,0.5,1.4,1.5,3.2
223,Agent 3,35,37,11,1.0,0.5,1.8,1.8,1.2
223,Agent 4,55,17,9,1.0,0.5,1.8,1.5,3.2
224,Agent 0,32,30,7,1.0,0.0,1.2,2.7,2.0
224,Agent 1,40,30,3,1.0,0.5,1.4,3.0,2.4
224,Agent 2,53,17,16,1.0,0.0,1.4,1.5,3.2
224,Agent 3,35,37,10,1.0,0.5,1.8,1.8,1.2
224,Agent 4,55,13,19,1.0,0.0,1.8,1.5,3.2
225,Agent 0,32,30,6,1.0,0.0,1.2,2.7,2.0
225,Agent 1,40,30,2,1.0,0.5,1.4,3.0,2.4
225,Agent 2,53,17,16,1.0,0.0,1.4,1.5,3.2
225,Agent 3,35,37,9,1.0,0.5,1.8,1.8,1.2
225,Agent 4,55,13,19,1.0,0.0,1.8,1.5,3.2
226,Agent 0,32,30,5,1.0,0.0,1.2,2.7,2.0
226,Agent 1,40,30,1,1.0,0.5,1.4,3.0,2.4
226,Agent 2,53,17,16,1.0,0.0,1.4,1.5,3.2
226,Agent 3,35,37,8,1.0,0.5,1.8,1.8,1.2
226,Agent 4,55,13,19,1.0,0.0,1.8,1.5,3.2
227,Agent 0,32,30,5,1.0,0.0,1.2,2.7,2.0
227,Agent 1,40,30,0,1.0,0.5,1.4,3.0,2.4
227,Agent 2,53,17,16,1.0,0.0,1.4,1.5,3.2
227,Agent 3,35,37,7,1.0,0.5,1.8,1.8,1.2
227,Agent 4,55,13,19,1.0,0.0,1.8,1.5,3.2
228,Agent 0,32,30,4,1.0,0.5,1.4,3.0,2.4
228,Agent 1,40,26,10,1.0,0.0,1.4,3.0,2.4
228,Agent 2,53,17,15,1.0,0.0,1.4,1.5,3.2
228,Agent 3,35,37,6,1.0,0.5,1.8,1.8,1.2
228,Agent 4,55,13,18,1.0,0.0,1.8,1.5,3.2
229,Agent 0,32,30,3,1.0,0.5,1.4,3.0,2.4
229,Agent 1,40,26,10,1.0,0.0,1.4,3.0,2.4
229,Agent 2,53,17,14,1.0,0.0,1.4,1.5,3.2
229,Agent 3,35,33,16,1.0,0.0,1.8,1.8,1.2
229,Agent 4,55,13,17,1.0,0.0,1.8,1.5,3.2
230,Agent 0,32,30,2,1.0,0.5,1.4,3.0,2.4
230,Agent 1,40,26,10,1.0,0.0,1.4,3.0,2.4
230,Agent 2,53,17,13,1.0,0.0,1.4,1.5,3.2
230,Agent 3,35,33,16,1.0,0.0,1.8,1.8,1.2
230,Agent 4,55,13,16,1.0,0.0,1.8,1.5,3.2
231,Agent 0,32,30,1,1.0,0.5,1.4,3.0,2.4
231,Agent 1,40,26,10,1.0,0.0,1.4,3.0,2.4
231,Agent 2,53,17,12,1.0,0.0,1.4,1.5,3.2
231,Agent 3,35,33,16,1.0,0.0,1.8,1.8,1.2
231,Agent 4,55,13,16,1.0,0.0,1.8,1.5,3.2
232,Agent 0,32,30,0,1.0,0.5,1.4,3.0,2.4
232,Agent 1,40,26,9,1.0,0.0,1.4,3.0,2.4
232,Agent 2,53,17,12,1.0,0.0,1.4,1.5,3.2
232,Agent 3,35,33,16,1.0,0.0,1.8,1.8,1.2
232,Agent 4,55,13,15,1.0,0.5,2.0,1.8,3.6
233,Agent 0,32,26,10,1.0,0.0,1.4,3.0,2.4
233,Agent 1,40,26,8,1.0,0.0,1.4,3.0,2.4
233,Agent 2,53,17,11,1.0,0.5,1.6,1.8,3.6
233,Agent 3,35,33,15,1.0,0.0,1.8,1.8,1.2
233,Agent 4,55,13,14,1.0,0.5,2.0,1.8,3.6
234,Agent 0,32,26,10,1.0,0.0,1.4,3.0,2.4
234,Agent 1,40,26,7,1.0,0.0,1.4,3.0,2.4
234,Agent 2,53,17,10,1.0,0.5,1.6,1.8,3.6
234,Agent 3,35,33,14,1.0,0.0,1.8,1.8,1.2
234,Agent 4,55,13,13,1.0,0.5,2.0,1.8,3.6
235,Agent 0,32,26,10,1.0,0.0,1.4,3.0,2.4
235,Agent 1,40,26,6,1.0,0.0,1.4,3.0,2.4
235,Agent 2,53,17,9,1.0,0.5,1.6,1.8,3.6
235,Agent 3,35,33,13,1.0,0.0,1.8,1.8,1.2
235,Agent 4,55,9,23,1.0,0.0,2.0,1.8,3.6
236,Agent 0,32,26,10,1.0,0.0,1.4,3.0,2.4
236,Agent 1,40,26,5,1.0,0.0,1.4,3.0,2.4
236,Agent 2,53,17,8,1.0,0.5,1.6,1.8,3.6
236,Agent 3,35,33,13,1.0,0.0,1.8,1.8,1.2
236,Agent 4,55,9,23,1.0,0.0,2.0,1.8,3.6
237,Agent 0,32,26,9,1.0,0.0,1.4,3.0,2.4
237,Agent 1,40,26,5,1.0,0.0,1.4,3.0,2.4
237,Agent 2,53,13,18,1.0,0.0,1.6,1.8,3.6
237,Agent 3,35,33,12,1.0,0.5,2.0,2.1,1.6
237,Agent 4,55,9,23,1.0,0.0,2.0,1.8,3.6
238,Agent 0,32,26,8,1.0,0.0,1.4,3.0,2.4
238,Agent 1,40,26,4,1.0,0.5,1.6,3.3,2.8
238,Agent 2,53,13,18,1.0,0.0,1.6,1.8,3.6
238,Agent 3,35,33,11,1.0,0.5,2.0,2.1,1.6
238,Agent 4,55,9,23,1.0,0.0,2.0,1.8,3.6
239,Agent 0,32,26,7,1.0,0.0,1.4,3.0,2.4
239,Agent 1,40,26,3,1.0,0.5,1.6,3.3,2.8
239,Agent 2,53,13,18,1.0,0.0,1.6,1.8,3.6
239,Agent 3,35,33,10,1.0,0.5,2.0,2.1,1.6
239,Agent 4,55,9,22,1.0,0.0,2.0,1.8,3.6
240,Agent 0,32,26,6,1.0,0.0,1.4,3.0,2.4
240,Agent 1,40,26,2,1.0,0.5,1.6,3.3,2.8
240,Agent 2,53,13,18,1.0,0.0,1.6,1.8,3.6
240,Agent 3,35,29,20,1.0,0.0,2.0,2.1,1.6
240,Agent 4,55,9,22,1.0,0.0,2.0,1.8,3.6
241,Agent 0,32,26,6,1.0,0.0,1.4,3.0,2.4
241,Agent 1,40,26,1,1.0,0.5,1.6,3.3,2.8
241,Agent 2,53,13,17,1.0,0.0,1.6,1.8,3.6
241,Agent 3,35,29,20,1.0,0.0,2.0,2.1,1.6
241,Agent 4,55,9,21,1.0,0.5,2.2,2.1,4.0
242,Agent 0,32,26,5,1.0,0.5,1.6,3.3,2.8
242,Agent 1,40,26,0,1.0,0.5,1.6,3.3,2.8
242,Agent 2,53,13,16,1.0,0.0,1.6,1.8,3.6
242,Agent 3,35,29,20,1.0,0.0,2.0,2.1,1.6
242,Agent 4,55,5,31,1.0,0.0,2.2,2.1,4.0
243,Agent 0,32,26,4,1.0,0.5,1.6,3.3,2.8
243,Agent 1,40,22,10,1.0,0.0,1.6,3.3,2.8
243,Agent 2,53,13,16,1.0,0.0,1.6,1.8,3.6
243,Agent 3,35,29,20,1.0,0.0,2.0,2.1,1.6
243,Agent 4,55,5,31,1.0,0.0,2.2,2.1,4.0
244,Agent 0,32,26,3,1.0,0.5,1.6,3.3,2.8
244,Agent 1,40,22,10,1.0,0.0,1.6,3.3,2.8
244,Agent 2,53,13,15,1.0,0.5,1.8,2.1,4.0
244,Agent 3,35,29,19,1.0,0.0,2.0,2.1,1.6
244,Agent 4,55,5,31,1.0,0.0,2.2,2.1,4.0
245,Agent 0,32,26,2,1.0,0.5,1.6,3.3,2.8
245,Agent 1,40,22,10,1.0,0.0,1.6,3.3,2.8
245,Agent 2,53,13,14,1.0,0.5,1.8,2.1,4.0
245,Agent 3,35,29,18,1.0,0.0,2.0,2.1,1.6
245,Agent 4,55,5,31,1.0,0.0,2.2,2.1,4.0
246,Agent 0,32,22,12,1.0,0.0,1.6,3.3,2.8
246,Agent 1,40,22,10,1.0,0.0,1.6,3.3,2.8
246,Agent 2,53,9,24,1.0,0.0,1.8,2.1,4.0
246,Agent 3,35,29,17,1.0,0.0,2.0,2.1,1.6
246,Agent 4,55,5,30,1.0,0.0,2.2,2.1,4.0
247,Agent 0,32,22,12,1.0,0.0,1.6,3.3,2.8
247,Agent 1,40,22,9,1.0,0.0,1.6,3.3,2.8
247,Agent 2,53,9,24,1.0,0.0,1.8,2.1,4.0
247,Agent 3,35,29,16,1.0,0.0,2.0,2.1,1.6
247,Agent 4,55,5,29,1.0,0.0,2.2,2.1,4.0
248,Agent 0,32,22,12,1.0,0.0,1.6,3.3,2.8
248,Agent 1,40,22,8,1.0,0.0,1.6,3.3,2.8
248,Agent 2,53,9,24,1.0,0.0,1.8,2.1,4.0
248,Agent 3,35,29,15,1.0,0.0,2.0,2.1,1.6
248,Agent 4,55,5,28,1.0,0.0,2.2,2.1,4.0
249,Agent 0,32,22,12,1.0,0.0,1.6,3.3,2.8
249,Agent 1,40,22,8,1.0,0.0,1.6,3.3,2.8
249,Agent 2,53,9,24,1.0,0.0,1.8,2.1,4.0
249,Agent 3,35,29,14,1.0,0.0,2.0,2.1,1.6
249,Agent 4,55,5,28,1.0,0.0,2.2,2.1,4.0
250,Agent 0,32,22,11,1.0,0.0,1.6,3.3,2.8
250,Agent 1,40,22,7,1.0,0.5,1.8,3.6,3.2
250,Agent 2,53,9,24,1.0,0.0,1.8,2.1,4.0
250,Agent 3,35,29,13,1.0,0.0,2.0,2.1,1.6
250,Agent 4,55,5,27,1.0,0.5,2.4,2.4,4.4
251,Agent 0,32,22,10,1.0,0.0,1.6,3.3,2.8
251,Agent 1,40,22,6,1.0,0.5,1.8,3.6,3.2
251,Agent 2,53,5,34,1.0,0.0,2.0,2.4,4.4
251,Agent 3,35,29,13,1.0,0.0,2.0,2.1,1.6
251,Agent 4,55,5,26,1.0,0.5,2.4,2.4,4.4
252,Agent 0,32,22,9,1.0,0.0,1.6,3.3,2.8
252,Agent 1,40,18,16,1.0,0.0,1.8,3.6,3.2
252,Agent 2,53,5,34,1.0,0.0,2.0,2.4,4.4
252,Agent 3,35,29,12,1.0,0.5,2.2,2.4,2.0
252,Agent 4,55,5,25,1.0,0.5,2.4,2.4,4.4
253,Agent 0,32,22,8,1.0,0.0,1.6,3.3,2.8
253,Agent 1,40,18,16,1.0,0.0,1.8,3.6,3.2
253,Agent 2,53,5,34,1.0,0.0,2.0,2.4,4.4
253,Agent 3,35,29,11,1.0,0.5,2.2,2.4,2.0
253,Agent 4,55,5,24,1.0,0.5,2.4,2.4,4.4
254,Agent 0,32,22,7,1.0,0.0,1.6,3.3,2.8
254,Agent 1,40,18,16,1.0,0.0,1.8,3.6,3.2
254,Agent 2,53,5,34,1.0,0.0,2.0,2.4,4.4
254,Agent 3,35,29,10,1.0,0.5,2.2,2.4,2.0
254,Agent 4,55,5,23,1.0,0.5,2.4,2.4,4.4
255,Agent 0,32,22,7,1.0,0.0,1.6,3.3,2.8
255,Agent 1,40,18,16,1.0,0.0,1.8,3.6,3.2
255,Agent 2,53,5,33,1.0,0.0,2.0,2.4,4.4
255,Agent 3,35,29,9,1.0,0.5,2.2,2.4,2.0
255,Agent 4,55,5,22,1.0,0.5,2.4,2.4,4.4
256,Agent 0,32,22,6,1.0,0.5,1.8,3.6,3.2
256,Agent 1,40,18,15,1.0,0.0,1.8,3.6,3.2
256,Agent 2,53,5,32,1.0,0.0,2.0,2.4,4.4
256,Agent 3,35,29,8,1.0,0.5,2.2,2.4,2.0
256,Agent 4,55,5,21,1.0,0.5,2.4,2.4,4.4
257,Agent 0,32,22,5,1.0,0.5,1.8,3.6,3.2
257,Agent 1,40,18,14,1.0,0.0,1.8,3.6,3.2
257,Agent 2,53,5,31,1.0,0.0,2.0,2.4,4.4
257,Agent 3,35,29,7,1.0,0.5,2.2,2.4,2.0
257,Agent 4,55,15,16,1.0,0.5,2.4,2.4,0.0
258,Agent 0,32,22,4,1.0,0.5,1.8,3.6,3.2
258,Agent 1,40,18,13,1.0,0.0,1.8,3.6,3.2
258,Agent 2,53,5,30,1.0,0.0,2.0,2.4,4.4
258,Agent 3,35,29,6,1.0,0.5,2.2,2.4,2.0
258,Agent 4,55,15,16,1.0,0.5,2.4,2.4,0.0
259,Agent 0,32,22,3,1.0,0.5,1.8,3.6,3.2
259,Agent 1,40,18,13,1.0,0.0,1.8,3.6,3.2
259,Agent 2,53,5,29,1.0,0.0,2.0,2.4,4.4
259,Agent 3,35,25,16,1.0,0.0,2.2,2.4,2.0
259,Agent 4,55,15,16,1.0,0.5,2.4,2.4,0.0
260,Agent 0,32,22,2,1.0,0.5,1.8,3.6,3.2
260,Agent 1,40,18,12,1.0,0.5,2.0,3.9,3.6
260,Agent 2,53,5,28,1.0,0.0,2.0,2.4,4.4
260,Agent 3,35,25,16,1.0,0.0,2.2,2.4,2.0
260,Agent 4,55,15,16,1.0,0.5,2.4,2.4,0.0
261,Agent 0,32,18,12,1.0,0.0,1.8,3.6,3.2
261,Agent 1,40,18,11,1.0,0.5,2.0,3.9,3.6
261,Agent 2,53,5,27,1.0,0.0,2.0,2.4,4.4
261,Agent 3,35,25,16,1.0,0.0,2.2,2.4,2.0
261,Agent 4,55,15,15,1.0,0.5,2.4,2.4,0.0
262,Agent 0,32,18,12,1.0,0.0,1.8,3.6,3.2
262,Agent 1,40,18,10,1.0,0.5,2.0,3.9,3.6
262,Agent 2,53,5,26,1.0,0.0,2.0,2.4,4.4
262,Agent 3,35,25,16,1.0,0.0,2.2,2.4,2.0
262,Agent 4,55,15,14,1.0,0.5,2.4,2.4,0.0
263,Agent 0,32,18,12,1.0,0.0,1.8,3.6,3.2
263,Agent 1,40,14,20,1.0,0.0,2.0,3.9,3.6
263,Agent 2,53,5,25,1.0,0.0,2.0,2.4,4.4
263,Agent 3,35,25,15,1.0,0.0,2.2,2.4,2.0
263,Agent 4,55,15,13,1.0,0.5,2.4,2.4,0.0
264,Agent 0,32,18,12,1.0,0.0,1.8,3.6,3.2
264,Agent 1,40,14,20,1.0,0.0,2.0,3.9,3.6
264,Agent 2,53,5,25,1.0,0.0,2.0,2.4,4.4
264,Agent 3,35,25,14,1.0,0.0,2.2,2.4,2.0
264,Agent 4,55,15,12,1.0,0.5,2.4,2.4,0.0
265,Agent 0,32,18,11,1.0,0.0,1.8,3.6,3.2
265,Agent 1,40,14,20,1.0,0.0,2.0,3.9,3.6
265,Agent 2,53,5,24,1.0,0.5,2.2,2.7,4.8
265,Agent 3,35,25,14,1.0,0.0,2.2,2.4,2.0
265,Agent 4,55,15,11,1.0,0.5,2.4,2.4,0.0
266,Agent 0,32,18,10,1.0,0.0,1.8,3.6,3.2
266,Agent 1,40,14,20,1.0,0.0,2.0,3.9,3.6
266,Agent 2,53,5,23,1.0,0.5,2.2,2.7,4.8
266,Agent 3,35,25,13,1.0,0.5,2.4,2.7,2.4
266,Agent 4,55,15,10,1.0,0.5,2.4,2.4,0.0
267,Agent 0,32,18,9,1.0,0.0,1.8,3.6,3.2
267,Agent 1,40,14,19,1.0,0.0,2.0,3.9,3.6
267,Agent 2,53,5,22,1.0,0.5,2.2,2.7,4.8
267,Agent 3,35,25,12,1.0,0.5,2.4,2.7,2.4
267,Agent 4,55,15,9,1.0,0.5,2.4,2.4,0.0
268,Agent 0,32,18,8,1.0,0.0,1.8,3.6,3.2
268,Agent 1,40,14,18,1.0,0.0,2.0,3.9,3.6
268,Agent 2,53,5,21,1.0,0.5,2.2,2.7,4.8
268,Agent 3,35,21,22,1.0,0.0,2.4,2.7,2.4
268,Agent 4,55,15,8,1.0,0.5,2.4,2.4,0.0
269,Agent 0,32,18,8,1.0,0.0,1.8,3.6,3.2
269,Agent 1,40,14,18,1.0,0.0,2.0,3.9,3.6
269,Agent 2,53,5,20,1.0,0.5,2.2,2.7,4.8
269,Agent 3,35,21,22,1.0,0.0,2.4,2.7,2.4
269,Agent 4,55,15,7,1.0,0.5,2.4,2.4,0.0
270,Agent 0,32,18,7,1.0,0.5,2.0,3.9,3.6
270,Agent 1,40,14,17,1.0,0.5,2.2,4.2,4.0
270,Agent 2,53,5,19,1.0,0.5,2.2,2.7,4.8
270,Agent 3,35,21,22,1.0,0.0,2.4,2.7,2.4
270,Agent 4,55,15,6,1.0,0.5,2.4,2.4,0.0
271,Agent 0,32,18,6,1.0,0.5,2.0,3.9,3.6
271,Agent 1,40,14,16,1.0,0.5,2.2,4.2,4.0
271,Agent 2,53,5,18,1.0,0.5,2.2,2.7,4.8
271,Agent 3,35,21,22,1.0,0.0,2.4,2.7,2.4
271,Agent 4,55,15,5,1.0,0.5,2.4,2.4,0.0
272,Agent 0,32,18,5,1.0,0.5,2.0,3.9,3.6
272,Agent 1,40,10,26,1.0,0.0,2.2,4.2,4.0
272,Agent 2,53,5,17,1.0,0.5,2.2,2.7,4.8
272,Agent 3,35,21,21,1.0,0.0,2.4,2.7,2.4
272,Agent 4,55,15,5,1.0,0.5,2.4,2.4,0.0
273,Agent 0,32,18,4,1.0,0.5,2.0,3.9,3.6
273,Agent 1,40,10,26,1.0,0.0,2.2,4.2,4.0
273,Agent 2,53,5,16,1.0,0.5,2.2,2.7,4.8
273,Agent 3,35,21,20,1.0,0.0,2.4,2.7,2.4
273,Agent 4,55,15,4,1.0,1.0,2.6,2.7,0.4
274,Agent 0,32,14,14,1.0,0.0,2.0,3.9,3.6
274,Agent 1,40,10,26,1.0,0.0,2.2,4.2,4.0
274,Agent 2,53,1,26,1.0,0.0,2.2,2.7,4.8
274,Agent 3,35,21,19,1.0,0.0,2.4,2.7,2.4
274,Agent 4,55,15,3,1.0,1.0,2.6,2.7,0.4
275,Agent 0,32,14,14,1.0,0.0,2.0,3.9,3.6
275,Agent 1,40,10,26,1.0,0.0,2.2,4.2,4.0
275,Agent 2,53,1,26,1.0,0.0,2.2,2.7,4.8
275,Agent 3,35,21,19,1.0,0.0,2.4,2.7,2.4
275,Agent 4,55,15,2,1.0,1.0,2.6,2.7,0.4
276,Agent 0,32,14,14,1.0,0.0,2.0,3.9,3.6
276,Agent 1,40,10,25,1.0,0.0,2.2,4.2,4.0
276,Agent 2,53,1,26,1.0,0.0,2.2,2.7,4.8
276,Agent 3,35,21,18,1.0,0.5,2.6,3.0,2.8
276,Agent 4,55,15,1,1.0,1.0,2.6,2.7,0.4
277,Agent 0,32,14,14,1.0,0.0,2.0,3.9,3.6
277,Agent 1,40,10,24,1.0,0.0,2.2,4.2,4.0
277,Agent 2,53,1,26,1.0,0.0,2.2,2.7,4.8
277,Agent 3,35,21,17,1.0,0.5,2.6,3.0,2.8
277,Agent 4,55,15,0,1.0,1.0,2.6,2.7,0.4
278,Agent 0,32,14,13,1.0,0.0,2.0,3.9,3.6
278,Agent 1,40,10,23,1.0,0.0,2.2,4.2,4.0
278,Agent 2,53,1,25,1.0,0.0,2.2,2.7,4.8
278,Agent 3,35,21,16,1.0,0.5,2.6,3.0,2.8
278,Agent 4,55,11,10,1.0,0.0,2.6,2.7,0.4
279,Agent 0,32,14,13,1.0,0.0,2.0,3.9,3.6
279,Agent 1,40,10,22,1.0,0.0,2.2,4.2,4.0
279,Agent 2,53,1,24,1.0,0.0,2.2,2.7,4.8
279,Agent 3,35,17,26,1.0,0.0,2.6,3.0,2.8
279,Agent 4,55,11,10,1.0,0.0,2.6,2.7,0.4
280,Agent 0,32,14,12,1.0,0.5,2.2,4.2,4.0
280,Agent 1,40,10,21,1.0,0.0,2.2,4.2,4.0
280,Agent 2,53,1,23,1.0,0.0,2.2,2.7,4.8
280,Agent 3,35,17,26,1.0,0.0,2.6,3.0,2.8
280,Agent 4,55,11,10,1.0,0.0,2.6,2.7,0.4
281,Agent 0,32,10,22,1.0,0.0,2.2,4.2,4.0
281,Agent 1,40,10,20,1.0,0.0,2.2,4.2,4.0
281,Agent 2,53,1,22,1.0,0.0,2.2,2.7,4.8
281,Agent 3,35,17,26,1.0,0.0,2.6,3.0,2.8
281,Agent 4,55,11,10,1.0,0.0,2.6,2.7,0.4
282,Agent 0,32,10,22,1.0,0.0,2.2,4.2,4.0
282,Agent 1,40,10,19,1.0,0.0,2.2,4.2,4.0
282,Agent 2,53,1,21,1.0,0.0,2.2,2.7,4.8
282,Agent 3,35,17,26,1.0,0.0,2.6,3.0,2.8
282,Agent 4,55,11,9,1.0,0.0,2.6,2.7,0.4
283,Agent 0,32,10,22,1.0,0.0,2.2,4.2,4.0
283,Agent 1,40,10,19,1.0,0.0,2.2,4.2,4.0
283,Agent 2,53,1,20,1.0,0.0,2.2,2.7,4.8
283,Agent 3,35,17,25,1.0,0.0,2.6,3.0,2.8
283,Agent 4,55,11,8,1.0,0.0,2.6,2.7,0.4
284,Agent 0,32,10,22,1.0,0.0,2.2,4.2,4.0
284,Agent 1,40,10,18,1.0,0.5,2.4,4.5,4.4
284,Agent 2,53,1,19,1.0,0.0,2.2,2.7,4.8
284,Agent 3,35,17,24,1.0,0.0,2.6,3.0,2.8
284,Agent 4,55,11,7,1.0,0.0,2.6,2.7,0.4
285,Agent 0,32,10,21,1.0,0.0,2.2,4.2,4.0
285,Agent 1,40,10,17,1.0,0.5,2.4,4.5,4.4
285,Agent 2,53,1,19,1.0,0.0,2.2,2.7,4.8
285,Agent 3,35,17,23,1.0,0.0,2.6,3.0,2.8
285,Agent 4,55,11,6,1.0,0.0,2.6,2.7,0.4
286,Agent 0,32,10,20,1.0,0.0,2.2,4.2,4.0
286,Agent 1,40,10,16,1.0,0.5,2.4,4.5,4.4
286,Agent 2,53,1,18,1.0,0.5,2.4,3.0,5.2
286,Agent 3,35,17,23,1.0,0.0,2.6,3.0,2.8
286,Agent 4,55,11,5,1.0,0.0,2.6,2.7,0.4
287,Agent 0,32,10,19,1.0,0.0,2.2,4.2,4.0
287,Agent 1,40,10,15,1.0,0.5,2.4,4.5,4.4
287,Agent 2,53,1,17,1.0,0.5,2.4,3.0,5.2
287,Agent 3,35,17,22,1.0,0.5,2.8,3.3,3.2
287,Agent 4,55,11,4,1.0,0.0,2.6,2.7,0.4
288,Agent 0,32,10,18,1.0,0.0,2.2,4.2,4.0
288,Agent 1,40,10,14,1.0,0.5,2.4,4.5,4.4
288,Agent 2,53,1,16,1.0,0.5,2.4,3.0,5.2
288,Agent 3,35,17,21,1.0,0.5,2.8,3.3,3.2
288,Agent 4,55,11,3,1.0,0.0,2.6,2.7,0.4
289,Agent 0,32,10,17,1.0,0.0,2.2,4.2,4.0
289,Agent 1,40,10,13,1.0,0.5,2.4,4.5,4.4
289,Agent 2,53,1,15,1.0,0.5,2.4,3.0,5.2
289,Agent 3,35,17,20,1.0,0.5,2.8,3.3,3.2
289,Agent 4,55,11,2,1.0,0.0,2.6,2.7,0.4
290,Agent 0,32,10,17,1.0,0.0,2.2,4.2,4.0
290,Agent 1,40,10,12,1.0,0.5,2.4,4.5,4.4
290,Agent 2,53,1,14,1.0,0.5,2.4,3.0,5.2
290,Agent 3,35,13,30,1.0,0.0,2.8,3.3,3.2
290,Agent 4,55,11,1,1.0,0.0,2.6,2.7,0.4
291,Agent 0,32,10,16,1.0,0.5,2.4,4.5,4.4
291,Agent 1,40,6,22,1.0,0.0,2.4,4.5,4.4
291,Agent 2,53,1,13,1.0,0.5,2.4,3.0,5.2
291,Agent 3,35,13,30,1.0,0.0,2.8,3.3,3.2
291,Agent 4,55,11,1,1.0,0.0,2.6,2.7,0.4
292,Agent 0,32,10,15,1.0,0.5,2.4,4.5,4.4
292,Agent 1,40,6,22,1.0,0.0,2.4,4.5,4.4
292,Agent 2,53,1,12,1.0,0.5,2.4,3.0,5.2
292,Agent 3,35,13,30,1.0,0.0,2.8,3.3,3.2
292,Agent 4,55,11,0,1.0,0.5,2.8,3.0,0.8
293,Agent 0,32,10,14,1.0,0.5,2.4,4.5,4.4
293,Agent 1,40,6,22,1.0,0.0,2.4,4.5,4.4
293,Agent 2,53,1,7,0.95,0.5,2.4,3.0,5.2
293,Agent 3,35,13,30,1.0,0.0,2.8,3.3,3.2
293,Agent 4,55,11,0,1.0,0.5,2.8,3.0,0.8
294,Agent 0,32,10,13,1.0,0.5,2.4,4.5,4.4
294,Agent 1,40,6,22,1.0,0.0,2.4,4.5,4.4
294,Agent 2,53,1,2,0.9,1.0,2.6,3.3,5.6
294,Agent 3,35,13,29,1.0,0.0,2.8,3.3,3.2
294,Agent 4,55,11,0,1.0,0.5,2.8,3.0,0.8
295,Agent 0,32,10,12,1.0,0.5,2.4,4.5,4.4
295,Agent 1,40,6,21,1.0,0.0,2.4,4.5,4.4
295,Agent 2,53,1,0,0.85,1.5,2.8,3.6,6.0
295,Agent 3,35,13,28,1.0,0.0,2.8,3.3,3.2
295,Agent 4,55,11,0,1.0,0.5,2.8,3.0,0.8
296,Agent 0,32,6,22,1.0,0.0,2.4,4.5,4.4
296,Agent 1,40,6,20,1.0,0.0,2.4,4.5,4.4
296,Agent 2,53,1,0,0.8,2.0,3.0,3.9,6.4
296,Agent 3,35,13,27,1.0,0.0,2.8,3.3,3.2
296,Agent 4,55,11,0,1.0,0.5,2.8,3.0,0.8
297,Agent 0,32,6,22,1.0,0.0,2.4,4.5,4.4
297,Agent 1,40,6,19,1.0,0.0,2.4,4.5,4.4
297,Agent 2,53,1,0,0.75,2.5,3.2,4.2,6.8
297,Agent 3,35,13,26,1.0,0.0,2.8,3.3,3.2
297,Agent 4,55,11,0,1.0,0.5,2.8,3.0,0.8
298,Agent 0,32,6,22,1.0,0.0,2.4,4.5,4.4
298,Agent 1,40,6,19,1.0,0.0,2.4,4.5,4.4
298,Agent 2,53,1,0,0.7,3.0,3.4,4.5,7.2
298,Agent 3,35,13,25,1.0,0.0,2.8,3.3,3.2
298,Agent 4,55,11,0,1.0,0.5,2.8,3.0,0.8
299,Agent 0,32,6,22,1.0,0.0,2.4,4.5,4.4
299,Agent 1,40,6,18,1.0,0.5,2.6,4.8,4.8
299,Agent 2,53,1,0,0.65,3.5,3.6,4.8,7.6
299,Agent 3,35,13,25,1.0,0.0,2.8,3.3,3.2
299,Agent 4,55,11,0,1.0,0.5,2.8,3.0,0.8
300,Agent 0,32,6,21,1.0,0.0,2.4,4.5,4.4
300,Agent 1,40,6,17,1.0,0.5,2.6,4.8,4.8
300,Agent 2,53,1,0,0.6,4.0,3.8,5.1,8.0
300,Agent 3,35,13,24,1.0,0.5,3.0,3.6,3.6
300,Agent 4,55,11,0,1.0,0.5,2.8,3.0,0.8
301,Agent 0,32,6,20,1.0,0.0,2.4,4.5,4.4
301,Agent 1,40,6,16,1.0,0.5,2.6,4.8,4.8
301,Agent 2,53,1,0,0.55,4.5,4.0,5.4,8.4
301,Agent 3,35,13,23,1.0,0.5,3.0,3.6,3.6
301,Agent 4,55,7,10,1.0,0.0,2.8,3.0,0.8
302,Agent 0,32,6,19,1.0,0.0,2.4,4.5,4.4
302,Agent 1,40,2,26,1.0,0.0,2.6,4.8,4.8
302,Agent 2,53,1,0,0.5,5.0,4.2,5.7,8.8
302,Agent 3,35,13,22,1.0,0.5,3.0,3.6,3.6
302,Agent 4,55,7,10,1.0,0.0,2.8,3.0,0.8
303,Agent 0,32,6,18,1.0,0.0,2.4,4.5,4.4
303,Agent 1,40,2,26,1.0,0.0,2.6,4.8,4.8
303,Agent 2,53,1,0,0.45,5.5,4.4,6.0,9.2
303,Agent 3,35,13,21,1.0,0.5,3.0,3.6,3.6
303,Agent 4,55,7,10,1.0,0.0,2.8,3.0,0.8
304,Agent 0,32,6,17,1.0,0.0,2.4,4.5,4.4
304,Agent 1,40,2,26,1.0,0.0,2.6,4.8,4.8
304,Agent 2,53,1,0,0.4,6.0,4.6,6.3,9.6
304,Agent 3,35,13,20,1.0,0.5,3.0,3.6,3.6
304,Agent 4,55,7,10,1.0,0.0,2.8,3.0,0.8
305,Agent 0,32,6,16,1.0,0.0,2.4,4.5,4.4
305,Agent 1,40,2,26,1.0,0.0,2.6,4.8,4.8
305,Agent 2,53,1,0,0.35,6.5,4.8,6.6,10.0
305,Agent 3,35,9,30,1.0,0.0,3.0,3.6,3.6
305,Agent 4,55,7,9,1.0,0.0,2.8,3.0,0.8
306,Agent 0,32,6,15,1.0,0.0,2.4,4.5,4.4
306,Agent 1,40,2,25,1.0,0.0,2.6,4.8,4.8
306,Agent 2,53,1,0,0.3,7.0,5.0,6.9,10.4
306,Agent 3,35,9,30,1.0,0.0,3.0,3.6,3.6
306,Agent 4,55,7,8,1.0,0.0,2.8,3.0,0.8
307,Agent 0,32,6,14,1.0,0.0,2.4,4.5,4.4
307,Agent 1,40,2,24,1.0,0.0,2.6,4.8,4.8
307,Agent 2,53,1,0,0.25,7.5,5.2,7.2,10.8
307,Agent 3,35,9,30,1.0,0.0,3.0,3.6,3.6
307,Agent 4,55,7,7,1.0,0.0,2.8,3.0,0.8
308,Agent 0,32,6,13,1.0,0.0,2.4,4.5,4.4
308,Agent 1,40,2,23,1.0,0.0,2.6,4.8,4.8
308,Agent 2,53,1,0,0.2,8.0,5.4,7.5,11.2
308,Agent 3,35,9,30,1.0,0.0,3.0,3.6,3.6
308,Agent 4,55,7,7,1.0,0.0,2.8,3.0,0.8
309,Agent 0,32,6,13,1.0,0.0,2.4,4.5,4.4
309,Agent 1,40,2,22,1.0,0.0,2.6,4.8,4.8
309,Agent 2,53,1,0,0.15,8.5,5.6,7.8,11.6
309,Agent 3,35,9,29,1.0,0.0,3.0,3.6,3.6
309,Agent 4,55,7,6,1.0,0.5,3.0,3.3,1.2
